sequence_id,sequence,rev_comp,productive,v_call,d_call,j_call,sequence_alignment,germline_alignment,junction,junction_aa,v_cigar,d_cigar,j_cigar,duplicate_count,vj_in_frame,stop_codon,cdr3_start,cdr3_end,v_sequence_end,j_sequence_start,junction_quality_scores,junction_minimum_quality_score,v_junction_end,j_junction_start
1,ATACTGAACGTGGAACAAAGTCCTCAGTCACTGCATGTTCAGGAGGGAGACAGCACCAATTTCACCTGCAGCTTCCCTTCCAGCAATTTTTATGCCTTACACTGGTACAGATGGGAAACTGCAAAAAGCCCCGAGGCCTTGTTTGTAATGACTTTAAATGGGGATGAAAAGAAGAAAGGACGAATAAGTGCCACTCTTAATACCAAGGAGGGTTACAGCTATTTGTACATCAAAGGATCCCAGCCTGAAGACTCAGCCACATACCTCTGTGCCCCCAGGATCAGGAGAGCACTTACTTTTGGGAGTGGAACAAGACTCCAAGTGCAACCAA,F,T,TRAV24*01,,TRAJ5*01,,,TGTGCCCCCAGGATCAGGAGAGCACTTACTTTT,CAPRIRRALTF,,,,186560,T,F,271,297,273,282,36|36|36|36|36|36|36|36|36|36|36|36|36|36|36|36|36|36|36|36|36|36|36|36|36|36|36|36|36|36|36|36|36,36,6,15
2,GGTGCTGTCGTCTCTCAACATCCGAGCTGGGTTATCTGTAAGAGTGGAACCTCTGTGAAGATCGAGTGCCGTTCCCTGGACTTTCAGGCCACAACTATGTTTTGGTATCGTCAGTTCCCGAAACAGAGTCTCATGCTGATGGCAACTTCCAATGAGGGCTCCAAGGCCACATACGAGCAAGGCGTCGAGAAGGACAAGTTTCTCATCAACCATGCAAGCCTGACCTTGTCCACTCTGACAGTGACCAGTGCCCATCCTGAAGACAGCAGCTTCTACATCTGCAGTGCTAGGGAGTTCCCCCCACCCAACTATGGCTACACCTTCGGTTCGGGGACCAGGTTAACCGTTGTAG,F,T,TRBV20-1*01,,TRBJ1-2*01,,,TGCAGTGCTAGGGAGTTCCCCCCACCCAACTATGGCTACACCTTC,CSAREFPPPNYGYTF,,,,145237,T,F,283,321,290,307,36|36|36|36|36|36|36|36|36|36|36|36|36|36|36|36|36|36|36|36|36|36|36|36|36|36|36|36|36|36|36|36|36|36|36|36|36|36|36|36|36|36|36|36|36,36,11,28
3,GATGTGAAAGTAACCCAGAGCTCGAGATATCTAGTCAAAAGGACGGGAGAGAAAGTTTTTCTGGAATGTGTCCAGGATATGGACCATGAAAATATGTTCTGGTATCGACAAGACCCAGGTCTGGGGCTACGGCTGATCTATTTCTCATATGATGTTAAAATGAAAGAAAAAGGAGATATTCCTGAGGGGTACAGTGTCTCTAGAGAGAAGAAGGAGCGCTTCTCCCTGATTCTGGAGTCCGCCAGCACCAACCAGACATCTATGTACCTCTGTGCCAGCAGTTTCTTTCTAGCGGGCCCCACGGGAGAGCAGTACTTCGGGCCGGGCACCAGGCTCACGGTCACAG,F,T,TRBV28*01,,TRBJ2-7*01,,,TGTGCCAGCAGTTTCTTTCTAGCGGGCCCCACGGGAGAGCAGTACTTC,CASSFFLAGPTGEQYF,,,,105714,T,F,274,315,284,307,36|36|36|36|36|36|36|36|36|36|36|36|36|36|36|36|36|36|36|36|36|36|36|36|36|36|36|36|36|36|36|36|36|36|36|36|36|36|36|36|36|36|36|36|36|36|36|36,36,14,37
4,AATGCTGGTGTCACTCAGACCCCAAAATTCCGGGTCCTGAAGACAGGACAGAGCATGACACTGCTGTGTGCCCAGGATATGAACCATGAATACATGTACTGGTATCGACAAGACCCAGGCATGGGGCTGAGGCTGATTCATTACTCAGTTGGTGAGGGTACAACTGCCAAAGGAGAGGTCCCTGATGGCTACAATGTCTCCAGATTAAAAAAACAGAATTTCCTGCTGGGGTTGGAGTCGGCTGCTCCCTCCCAAACATCTGTGTACTTCTGTGCCAGCAGTTCGTCTACCAACGACGCGGATACGCAGTATTTTGGCCCAGGCACCCGGCTGACAGTGCTCG,F,T,TRBV6-3*01,,TRBJ2-3*01,,,TGTGCCAGCAGTTCGTCTACCAACGACGCGGATACGCAGTATTTT,CASSSSTNDADTQYF,,,,73937,T,F,274,312,283,301,36|36|36|36|36|36|36|36|36|36|36|36|36|36|36|36|36|36|36|36|36|36|36|36|36|36|36|36|36|36|36|36|36|36|36|36|36|36|36|36|36|36|36|36|36,36,13,31
5,AAGGCTGGAGTCACTCAAACTCCAAGATATCTGATCAAAACGAGAGGACAGCAAGTGACACTGAGCTGCTCCCCTATCTCTGGGCATAGGAGTGTATCCTGGTACCAACAGACCCCAGGACAGGGCCTTCAGTTCCTCTTTGAATACTTCAGTGAGACACAGAGAAACAAAGGAAACTTCCCTGGTCGATTCTCAGGGCGCCAGTTCTCTAACTCTCGCTCTGAGATGAATGTGAGCACCTTGGAGCTGGGGGACTCGGCCCTTTATCTTTGCGCCAGCAGCCGAGGAACCGGGACAGCTAGCACAGATACGCAGTATTTTGGCCCAGGCACCCGGCTGACAGTGCTCG,F,T,TRBV5-1*01,,TRBJ2-3*01,,,TGCGCCAGCAGCCGAGGAACCGGGACAGCTAGCACAGATACGCAGTATTTT,CASSRGTGTASTDTQYF,,,,68042,T,F,274,318,282,301,36|36|36|36|36|36|36|36|36|36|36|36|36|36|36|36|36|36|36|36|36|36|36|36|36|36|36|36|36|36|36|36|36|36|36|36|36|36|36|36|36|36|36|36|36|36|36|36|36|36|36,36,12,31
6,GATACTGGAGTCTCCCAGAACCCCAGACACAAGATCACAAAGAGGGGACAGAATGTAACTTTCAGGTGTGATCCAATTTCTGAACACAACCGCCTTTATTGGTACCGACAGACCCTGGGGCAGGGCCCAGAGTTTCTGACTTACTTCCAGAATGAAGCTCAACTAGAAAAATCAAGGCTGCTCAGTGATCGGTTCTCTGCAGAGAGGCCTAAGGGATCTTTCTCCACCTTGGAGATCCAGCGCACAGAGCAGGGGGACTCGGCCATGTATCTCTGTGCCAGCAGCTTAGAGGCGGTTCCCGGGGGCAATGAGCAGTTCTTCGGGCCAGGGACACGGCTCACCGTGCTAG,F,T,TRBV7-9*01,,TRBJ2-1*01,,,TGTGCCAGCAGCTTAGAGGCGGTTCCCGGGGGCAATGAGCAGTTCTTC,CASSLEAVPGGNEQFF,,,,66577,T,F,277,318,289,306,36|36|36|36|36|36|36|36|36|36|36|36|36|36|36|36|36|36|36|36|36|36|36|36|36|36|36|36|36|36|36|36|36|36|36|36|36|36|36|36|36|36|36|36|36|36|36|36,36,16,33
7,GGTGCTGGAGTCTCCCAGACCCCCAGTAACAAGGTCACAGAGAAGGGAAAATATGTAGAGCTCAGGTGTGATCCAATTTCAGGTCATACTGCCCTTTACTGGTACCGACAAAGCCTGGGGCAGGGCCCAGAGTTTCTAATTTACTTCCAAGGCACGGGTGCGGCAGATGACTCAGGGCTGCCCAACGATCGGTTCTTTGCAGTCAGGCCTGAGGGATCCGTCTCTACTCTGAAGATCCAGCGCACAGAGCGGGGGGACTCAGCCGTGTATCTCTGTGCCAGCAGCCTATATAGCGGGGGGAAGCCCTACAATGAGCAGTTCTTCGGGCCAGGGACACGGCTCACCGTGCTAG,F,T,TRBV7-3*01,,TRBJ2-1*01,,,TGTGCCAGCAGCCTATATAGCGGGGGGAAGCCCTACAATGAGCAGTTCTTC,CASSLYSGGKPYNEQFF,,,,57106,T,F,277,321,285,305,36|36|36|36|36|36|36|36|36|36|36|36|36|36|36|36|36|36|36|36|36|36|36|36|36|36|36|36|36|36|36|36|36|36|36|36|36|36|36|36|36|36|36|36|36|36|36|36|36|36|36,36,12,32
8,GCCCAGTCGGTGACCCAGCTTGGCAGCCACGTCTCTGTCTCTGAAGGAGCCCTGGTTCTGCTGAGGTGCAACTACTCATCGTCTGTTCCACCATATCTCTTCTGGTATGTGCAATACCCCAACCAAGGACTCCAGCTTCTCCTGAAGTACACATCAGCGGCCACCCTGGTTAAAGGCATCAACGGTTTTGAGGCTGAATTTAAGAAGAGTGAAACCTCCTTCCACCTGACGAAACCCTCAGCCCATATGAGCGACGCGGCTGAGTACTTCTGTGCTGTGAGTGATTTTGGAGGAAAGCTTATCTTCGGACAGGGAACGGAGTTATCTGTGAAACCCA,F,T,TRAV8-4*01,,TRAJ23*01,,,TGTGCTGTGAGTGATTTTGGAGGAAAGCTTATCTTC,CAVSDFGGKLIF,,,,44480,T,F,274,303,284,289,36|36|36|36|36|36|36|36|36|36|36|36|36|36|36|36|36|36|36|36|36|36|36|36|36|36|36|36|36|36|36|36|36|36|36|36,36,14,19
9,AAGGCTGGAGTCACTCAAACTCCAAGATATCTGATCAAAACGAGAGGACAGCAAGTGACACTGAGCTGCTCCCCTATCTCTGGGCATAGGAGTGTATCCTGGTACCAACAGACCCCAGGACAGGGCCTTCAGTTCCTCTTTGAATACTTCAGTGAGACACAGAGAAACAAAGGAAACTTCCCTGGTCGATTCTCAGGGCGCCAGTTCTCTAACTCTCGCTCTGAGATGAATGTGAGCACCTTGGAGCTGGGGGACTCGGCCCTTTATCTTTGCGCCAGCAGCTTTTACACCGGGGAGCTGTTTTTTGGAGAAGGCTCTAGGCTGACCGTACTGG,F,T,TRBV5-1*01,,TRBJ2-2*01,,,TGCGCCAGCAGCTTTTACACCGGGGAGCTGTTTTTT,CASSFYTGELFF,,,,41547,T,F,274,303,284,287,36|36|36|36|36|36|36|36|36|36|36|36|36|36|36|36|36|36|36|36|36|36|36|36|36|36|36|36|36|36|36|36|36|36|36|36,36,14,17
10,GGTGCTGGAGTCTCCCAGACCCCCAGTAACAAGGTCACAGAGAAGGGAAAATATGTAGAGCTCAGGTGTGATCCAATTTCAGGTCATACTGCCCTTTACTGGTACCGACAAAGCCTGGGGCAGGGCCCAGAGTTTCTAATTTACTTCCAAGGCACGGGTGCGGCAGATGACTCAGGGCTGCCCAACGATCGGTTCTTTGCAGTCAGGCCTGAGGGATCCGTCTCTACTCTGAAGATCCAGCGCACAGAGCGGGGGGACTCAGCCGTGTATCTCTGTGCCAGCAGCAGGGGACTAGCGGTGGACAATGAGCAGTTCTTCGGGCCAGGGACACGGCTCACCGTGCTAG,F,T,TRBV7-3*01,,TRBJ2-1*01,,,TGTGCCAGCAGCAGGGGACTAGCGGTGGACAATGAGCAGTTCTTC,CASSRGLAVDNEQFF,,,,37067,T,F,277,315,285,302,36|36|36|36|36|36|36|36|36|36|36|36|36|36|36|36|36|36|36|36|36|36|36|36|36|36|36|36|36|36|36|36|36|36|36|36|36|36|36|36|36|36|36|36|36,36,12,29
11,GCTCAGAAGGTAACTCAAGCGCAGACTGAAATTTCTGTGGTGGAGAAGGAGGATGTGACCTTGGACTGTGTGTATGAAACCCGTGATACTACTTATTACTTATTCTGGTACAAGCAACCACCAAGTGGAGAATTGGTTTTCCTTATTCGTCGGAACTCTTTTGATGAGCAAAATGAAATAAGTGGTCGGTATTCTTGGAACTTCCAGAAATCCACCAGTTCCTTCAACTTCACCATCACAGCCTCACAAGTCGTGGACTCAGCAGTATACTTCTGTGCTCTGACCCATACCTCAGGAACCTACAAATACATCTTTGGAACAGGCACCAGGCTGAAGGTTTTAGCAA,F,T,TRAV19*01,,TRAJ40*01,,,TGTGCTCTGACCCATACCTCAGGAACCTACAAATACATCTTT,CALTHTSGTYKYIF,,,,35998,T,F,277,312,283,288,36|36|36|36|36|36|36|36|36|36|36|36|36|36|36|36|36|36|36|36|36|36|36|36|36|36|36|36|36|36|36|36|36|36|36|36|36|36|36|36|36|36,36,10,15
12,ATTGCTGGGATCACCCAGGCACCAACATCTCAGATCCTGGCAGCAGGACGGCGCATGACACTGAGATGTACCCAGGATATGAGACATAATGCCATGTACTGGTATAGACAAGATCTAGGACTGGGGCTAAGGCTCATCCATTATTCAAATACTGCAGGTACCACTGGCAAAGGAGAAGTCCCTGATGGTTATAGTGTCTCCAGAGCAAACACAGATGATTTCCCCCTCACGTTGGCGTCTGCTGTACCCTCTCAGACATCTGTGTACTTCTGTGCCAGCAGTGACTTCGGGGGAAATGAGCAGTTCTTCGGGCCAGGGACACGGCTCACCGTGCTAG,F,T,TRBV6-4*01,,TRBJ2-1*01,,,TGTGCCAGCAGTGACTTCGGGGGAAATGAGCAGTTCTTC,CASSDFGGNEQFF,,,,34960,T,F,274,306,286,295,36|36|36|36|36|36|36|36|36|36|36|36|36|36|36|36|36|36|36|36|36|36|36|36|36|36|36|36|36|36|36|36|36|36|36|36|36|36|36,36,16,25
13,GGTGCTGGAGTCTCCCAGACCCCCAGTAACAAGGTCACAGAGAAGGGAAAATATGTAGAGCTCAGGTGTGATCCAATTTCAGGTCATACTGCCCTTTACTGGTACCGACAAAGCCTGGGGCAGGGCCCAGAGTTTCTAATTTACTTCCAAGGCACGGGTGCGGCAGATGACTCAGGGCTGCCCAACGATCGGTTCTTTGCAGTCAGGCCTGAGGGATCCGTCTCTACTCTGAAGATCCAGCGCACAGAGCGGGGGGACTCAGCCGTGTATCTCTGTGCCAGCAGCTTAACCCCTCTAGCGGGGGGCCGAGACAATGAGCAGTTCTTCGGGCCAGGGACACGGCTCACCGTGCTAG,F,T,TRBV7-3*01,,TRBJ2-1*01,,,TGTGCCAGCAGCTTAACCCCTCTAGCGGGGGGCCGAGACAATGAGCAGTTCTTC,CASSLTPLAGGRDNEQFF,,,,34892,T,F,277,324,290,311,36|36|36|36|36|36|36|36|36|36|36|36|36|36|36|36|36|36|36|36|36|36|36|36|36|36|36|36|36|36|36|36|36|36|36|36|36|36|36|36|36|36|36|36|36|36|36|36|36|36|36|36|36|36,36,17,38
14,GCTCAGACAGTCACTCAGTCTCAACCAGAGATGTCTGTGCAGGAGGCAGAGACCGTGACCCTGAGCTGCACATATGACACCAGTGAGAGTGATTATTATTTATTCTGGTACAAGCAGCCTCCCAGCAGGCAGATGATTCTCGTTATTCGCCAAGAAGCTTATAAGCAACAGAATGCAACAGAGAATCGTTTCTCTGTGAACTTCCAGAAAGCAGCCAAATCCTTCAGTCTCAAGATCTCAGACTCACAGCTGGGGGATGCCGCGATGTATTTCTGTGCTTATAGGAGCGATAACCAGGGAGGAAAGCTTATCTTCGGACAGGGAACGGAGTTATCTGTGAAACCCA,F,T,TRAV38-2/DV8*01,,TRAJ23*01,,,TGTGCTTATAGGAGCGATAACCAGGGAGGAAAGCTTATCTTC,CAYRSDNQGGKLIF,,,,32658,T,F,277,312,289,290,36|36|36|36|36|36|36|36|36|36|36|36|36|36|36|36|36|36|36|36|36|36|36|36|36|36|36|36|36|36|36|36|36|36|36|36|36|36|36|36|36|36,36,16,17
15,GAAGCTGACATCTACCAGACCCCAAGATACCTTGTTATAGGGACAGGAAAGAAGATCACTCTGGAATGTTCTCAAACCATGGGCCATGACAAAATGTACTGGTATCAACAAGATCCAGGAATGGAACTACACCTCATCCACTATTCCTATGGAGTTAATTCCACAGAGAAGGGAGATCTTTCCTCTGAGTCAACAGTCTCCAGAATAAGGACGGAGCATTTTCCCCTGACCCTGGAGTCTGCCAGGCCCTCACATACCTCTCAGTACCTCTGTGCCAGCAGTGAACGGACTAGCGGGAACAATGAGCAGTTCTTCGGGCCAGGGACACGGCTCACCGTGCTAG,F,T,TRBV25-1*01,,TRBJ2-1*01,,,TGTGCCAGCAGTGAACGGACTAGCGGGAACAATGAGCAGTTCTTC,CASSERTSGNNEQFF,,,,31055,T,F,274,312,285,299,36|36|36|36|36|36|36|36|36|36|36|36|36|36|36|36|36|36|36|36|36|36|36|36|36|36|36|36|36|36|36|36|36|36|36|36|36|36|36|36|36|36|36|36|36,36,15,29
16,CAGAAGGAGGTGGAGCAGGATCCTGGACCACTCAGTGTTCCAGAGGGAGCCATTGTTTCTCTCAACTGCACTTACAGCAACAGTGCTTTTCAATACTTCATGTGGTACAGACAGTATTCCAGAAAAGGCCCTGAGTTGCTGATGTACACATACTCCAGTGGTAACAAAGAAGATGGAAGGTTTACAGCACAGGTCGATAAATCCAGCAAGTATATCTCCTTGTTCATCAGAGACTCACAGCCCAGTGATTCAGCCACCTACCTCTGTGCAATGAGAAAGCAGGGAGCCCAGAAGCTGGTATTTGGCCAAGGAACCAGGCTGACTATCAACCCAA,F,T,TRAV12-3*01,,TRAJ54*01,,,TGTGCAATGAGAAAGCAGGGAGCCCAGAAGCTGGTATTT,CAMRKQGAQKLVF,,,,30545,T,F,268,300,275,280,36|36|36|36|36|36|36|36|36|36|36|36|36|36|36|36|36|36|36|36|36|36|36|36|36|36|36|36|36|36|36|36|36|36|36|36|36|36|36,36,11,16
17,GGAGAGAGTGTGGGGCTGCATCTTCCTACCCTGAGTGTCCAGGAGGGTGACAACTCTATTATCAACTGTGCTTATTCAAACAGCGCCTCAGACTACTTCATTTGGTACAAGCAAGAATCTGGAAAAGGTCCTCAATTCATTATAGACATTCGTTCAAATATGGACAAAAGGCAAGGCCAAAGAGTCACCGTTTTATTGAATAAGACAGTGAAACATCTCTCTCTGCAAATTGCAGCTACTCAACCTGGAGACTCAGCTGTCTACTTTTGTGCAGAGAGAGTAAATGCCAGACTCATGTTTGGAGATGGAACTCAGCTGGTGGTGAAGCCCA,F,T,TRAV13-2*01,,TRAJ31*01,,,TGTGCAGAGAGAGTAAATGCCAGACTCATGTTT,CAERVNARLMF,,,,29225,T,F,271,297,277,283,36|36|36|36|36|36|36|36|36|36|36|36|36|36|36|36|36|36|36|36|36|36|36|36|36|36|36|36|36|36|36|36|36,36,10,16
19,GATGTGAAAGTAACCCAGAGCTCGAGATATCTAGTCAAAAGGACGGGAGAGAAAGTTTTTCTGGAATGTGTCCAGGATATGGACCATGAAAATATGTTCTGGTATCGACAAGACCCAGGTCTGGGGCTACGGCTGATCTATTTCTCATATGATGTTAAAATGAAAGAAAAAGGAGATATTCCTGAGGGGTACAGTGTCTCTAGAGAGAAGAAGGAGCGCTTCTCCCTGATTCTGGAGTCCGCCAGCACCAACCAGACATCTATGTACCTCTGTGCCAGCAGTTTATGGGTTATACCCTACGAGCAGTACTTCGGGCCGGGCACCAGGCTCACGGTCACAG,F,T,TRBV28*01,,TRBJ2-7*01,,,TGTGCCAGCAGTTTATGGGTTATACCCTACGAGCAGTACTTC,CASSLWVIPYEQYF,,,,27212,T,F,274,309,287,296,36|36|36|36|36|36|36|36|36|36|36|36|36|36|36|36|36|36|36|36|36|36|36|36|36|36|36|36|36|36|36|36|36|36|36|36|36|36|36|36|36|36,36,17,26
20,AGTCAACAGGGAGAAGAGGATCCTCAGGCCTTGAGCATCCAGGAGGGTGAAAATGCCACCATGAACTGCAGTTACAAAACTAGTATAAACAATTTACAGTGGTATAGACAAAATTCAGGTAGAGGCCTTGTCCACCTAATTTTAATACGTTCAAATGAAAGAGAGAAACACAGTGGAAGATTAAGAGTCACGCTTGACACTTCCAAGAAAAGCAGTTCCTTGTTGATCACGGCTTCCCGGGCAGCAGACACTGCTTCTTACTTCTGTGCTCCCAGGCCCTCAGGAACCTACAAATACATCTTTGGAACAGGCACCAGGCTGAAGGTTTTAGCAA,F,T,TRAV17*01,,TRAJ40*01,,,TGTGCTCCCAGGCCCTCAGGAACCTACAAATACATCTTT,CAPRPSGTYKYIF,,,,25080,T,F,268,300,270,278,36|36|36|36|36|36|36|36|36|36|36|36|36|36|36|36|36|36|36|36|36|36|36|36|36|36|36|36|36|36|36|36|36|36|36|36|36|36|36,36,6,14
21,GGAGAGAATGTGGAGCAGCATCCTTCAACCCTGAGTGTCCAGGAGGGAGACAGCGCTGTTATCAAGTGTACTTATTCAGACAGTGCCTCAAACTACTTCCCTTGGTATAAGCAAGAACTTGGAAAAGGACCTCAGCTTATTATAGACATTCGTTCAAATGTGGGCGAAAAGAAAGACCAACGAATTGCTGTTACATTGAACAAGACAGCCAAACATTTCTCCCTGCACATCACAGAGACCCAACCTGAAGACTCGGCTGTCTACTTCTGTGCAGCAAGTAAGAACACCGGTAACCAGTTCTATTTTGGGACAGGGACAAGTTTGACGGTCATTCCAA,F,T,TRAV13-1*01,,TRAJ49*01,,,TGTGCAGCAAGTAAGAACACCGGTAACCAGTTCTATTTT,CAASKNTGNQFYF,,,,23119,T,F,271,303,280,282,36|36|36|36|36|36|36|36|36|36|36|36|36|36|36|36|36|36|36|36|36|36|36|36|36|36|36|36|36|36|36|36|36|36|36|36|36|36|36,36,13,15
22,GCTCAGACAGTCACTCAGTCTCAACCAGAGATGTCTGTGCAGGAGGCAGAGACCGTGACCCTGAGCTGCACATATGACACCAGTGAGAGTGATTATTATTTATTCTGGTACAAGCAGCCTCCCAGCAGGCAGATGATTCTCGTTATTCGCCAAGAAGCTTATAAGCAACAGAATGCAACAGAGAATCGTTTCTCTGTGAACTTCCAGAAAGCAGCCAAATCCTTCAGTCTCAAGATCTCAGACTCACAGCTGGGGGATGCCGCGATGTATTTCTGTGCTTATCCCAGGACCGGTAACCAGTTCTATTTTGGGACAGGGACAAGTTTGACGGTCATTCCAA,F,T,TRAV38-2/DV8*01,,TRAJ49*01,,,TGTGCTTATCCCAGGACCGGTAACCAGTTCTATTTT,CAYPRTGNQFYF,,,,22076,T,F,277,306,282,289,36|36|36|36|36|36|36|36|36|36|36|36|36|36|36|36|36|36|36|36|36|36|36|36|36|36|36|36|36|36|36|36|36|36|36|36,36,9,16
23,CTTGCTAAGACCACCCAGCCCATCTCCATGGACTCATATGAAGGACAAGAAGTGAACATAACCTGTAGCCACAACAACATTGCTACAAATGATTATATCACGTGGTACCAACAGTTTCCCAGCCAAGGACCACGATTTATTATTCAAGGATACAAGACAAAAGTTACAAACGAAGTGGCCTCCCTGTTTATCCCTGCCGACAGAAAGTCCAGCACTCTGAGCCTGCCCCGGGTTTCCCTGAGCGACACTGCTGTGTACTACTGCCTCGTGGGCGGGGCGGGGAAGGACAACTTCAACAAATTTTACTTTGGATCTGGGACCAAACTCAATGTAAAACCAA,F,T,TRAV4*01,,TRAJ21*01,,,TGCCTCGTGGGCGGGGCGGGGAAGGACAACTTCAACAAATTTTACTTT,CLVGGAGKDNFNKFYF,,,,21825,T,F,265,306,272,287,36|36|36|36|36|36|36|36|36|36|36|36|36|36|36|36|36|36|36|36|36|36|36|36|36|36|36|36|36|36|36|36|36|36|36|36|36|36|36|36|36|36|36|36|36|36|36|36,36,11,26
24,GCTCAGTCAGTGGCTCAGCCGGAAGATCAGGTCAACGTTGCTGAAGGGAATCCTCTGACTGTGAAATGCACCTATTCAGTCTCTGGAAACCCTTATCTTTTTTGGTATGTTCAATACCCCAACCGAGGCCTCCAGTTCCTTCTGAAATACATCACAGGGGATAACCTGGTTAAAGGCAGCTATGGCTTTGAAGCTGAATTTAACAAGAGCCAAACCTCCTTCCACCTGAAGAAACCATCTGCCCTTGTGAGCGACTCCGCTTTGTACTTCTGTGCTGTGAGAGGGGGCCAGGCAGGAACTGCTCTGATCTTTGGGAAGGGAACCACCTTATCAGTGAGTTCCA,F,T,TRAV3*01,,TRAJ15*01,,,TGTGCTGTGAGAGGGGGCCAGGCAGGAACTGCTCTGATCTTT,CAVRGGQAGTALIF,,,,21200,T,F,274,309,283,288,36|36|36|36|36|36|36|36|36|36|36|36|36|36|36|36|36|36|36|36|36|36|36|36|36|36|36|36|36|36|36|36|36|36|36|36|36|36|36|36|36|36,36,13,18
25,GATGCTGATGTTACCCAGACCCCAAGGAATAGGATCACAAAGACAGGAAAGAGGATTATGCTGGAATGTTCTCAGACTAAGGGTCATGATAGAATGTACTGGTATCGACAAGACCCAGGACTGGGCCTACGGTTGATCTATTACTCCTTTGATGTCAAAGATATAAACAAAGGAGAGATCTCTGATGGATACAGTGTCTCTCGACAGGCACAGGCTAAATTCTCCCTGTCCCTAGAGTCTGCCATCCCCAACCAGACAGCTCTTTACTTCTGTGCCACCAGTGATCCGCGGATCGGGGACACCGGGGAGCTGTTTTTTGGAGAAGGCTCTAGGCTGACCGTACTGG,F,T,TRBV24-1*01,,TRBJ2-2*01,,,TGTGCCACCAGTGATCCGCGGATCGGGGACACCGGGGAGCTGTTTTTT,CATSDPRIGDTGELFF,,,,21079,T,F,274,315,285,299,36|36|36|36|36|36|36|36|36|36|36|36|36|36|36|36|36|36|36|36|36|36|36|36|36|36|36|36|36|36|36|36|36|36|36|36|36|36|36|36|36|36|36|36|36|36|36|36,36,15,29
26,GGAAATTCAGTGACCCAGATGGAAGGGCCAGTGACTCTCTCAGAAGAGGCCTTCCTGACTATAAACTGCACGTACACAGCCACAGGATACCCTTCCCTTTTCTGGTATGTCCAATATCCTGGAGAAGGTCTACAGCTCCTCCTGAAAGCCACGAAGGCTGATGACAAGGGAAGCAACAAAGGTTTTGAAGCCACATACCGTAAAGAAACCACTTCTTTCCACTTGGAGAAAGGCTCAGTTCAAGTGTCAGACTCAGCGGTGTACTTCTGTGCTCTGATCGCGACCGGTAACCAGTTCTATTTTGGGACAGGGACAAGTTTGACGGTCATTCCAA,F,T,TRAV9-2*01,,TRAJ49*01,,,TGTGCTCTGATCGCGACCGGTAACCAGTTCTATTTT,CALIATGNQFYF,,,,17521,T,F,271,300,277,283,36|36|36|36|36|36|36|36|36|36|36|36|36|36|36|36|36|36|36|36|36|36|36|36|36|36|36|36|36|36|36|36|36|36|36|36,36,10,16
27,GATGCTGGAATCACCCAGAGCCCAAGACACAAGGTCACAGAGACAGGAACACCAGTGACTCTGAGATGTCACCAGACTGAGAACCACCGCTATATGTACTGGTATCGACAAGACCCGGGGCATGGGCTGAGGCTGATCCATTACTCATATGGTGTTAAAGATACTGACAAAGGAGAAGTCTCAGATGGCTATAGTGTCTCTAGATCAAAGACAGAGGATTTCCTCCTCACTCTGGAGTCCGCTACCAGCTCCCAGACATCTGTGTACTTCTGTGCCATCAGTGAGTCGCGACAGGGGGTCCCTTACGAGCAGTACTTCGGGCCGGGCACCAGGCTCACGGTCACAG,F,T,TRBV10-3*01,,TRBJ2-7*01,,,TGTGCCATCAGTGAGTCGCGACAGGGGGTCCCTTACGAGCAGTACTTC,CAISESRQGVPYEQYF,,,,17303,T,F,274,315,287,304,36|36|36|36|36|36|36|36|36|36|36|36|36|36|36|36|36|36|36|36|36|36|36|36|36|36|36|36|36|36|36|36|36|36|36|36|36|36|36|36|36|36|36|36|36|36|36|36,36,17,34
28,AAAAATGAAGTGGAGCAGAGTCCTCAGAACCTGACTGCCCAGGAAGGAGAATTTATCACAATCAACTGCAGTTACTCGGTAGGAATAAGTGCCTTACACTGGCTGCAACAGCATCCAGGAGGAGGCATTGTTTCCTTGTTTATGCTGAGCTCAGGGAAGAAGAAGCATGGAAGATTAATTGCCACAATAAACATACAGGAAAAGCACAGCTCCCTGCACATCACAGCCTCCCATCCCAGAGACTCTGCCGTCTACATCTGTGCTGTCCCGAACACCGGTAACCAGTTCTATTTTGGGACAGGGACAAGTTTGACGGTCATTCCAA,F,T,TRAV41*01,,TRAJ49*01,,,TGTGCTGTCCCGAACACCGGTAACCAGTTCTATTTT,CAVPNTGNQFYF,,,,17257,T,F,262,291,267,270,36|36|36|36|36|36|36|36|36|36|36|36|36|36|36|36|36|36|36|36|36|36|36|36|36|36|36|36|36|36|36|36|36|36|36|36,36,9,12
29,AGTCAACAGGGAGAAGAGGATCCTCAGGCCTTGAGCATCCAGGAGGGTGAAAATGCCACCATGAACTGCAGTTACAAAACTAGTATAAACAATTTACAGTGGTATAGACAAAATTCAGGTAGAGGCCTTGTCCACCTAATTTTAATACGTTCAAATGAAAGAGAGAAACACAGTGGAAGATTAAGAGTCACGCTTGACACTTCCAAGAAAAGCAGTTCCTTGTTGATCACGGCTTCCCGGGCAGCAGACACTGCTTCTTACTTCTGTGCGACGGGAGAGGGGAACAGAGATGACAAGATCATCTTTGGAAAAGGGACACGACTTCATATTCTCCCCA,F,T,TRAV17*01,,TRAJ30*01,,,TGTGCGACGGGAGAGGGGAACAGAGATGACAAGATCATCTTT,CATGEGNRDDKIIF,,,,16669,T,F,268,303,274,282,36|36|36|36|36|36|36|36|36|36|36|36|36|36|36|36|36|36|36|36|36|36|36|36|36|36|36|36|36|36|36|36|36|36|36|36|36|36|36|36|36|36,36,10,18
30,GCCCAGAAGATAACTCAAACCCAACCAGGAATGTTCGTGCAGGAAAAGGAGGCTGTGACTCTGGACTGCACATATGACACCAGTGATCCAAGTTATGGTCTATTCTGGTACAAGCAGCCCAGCAGTGGGGAAATGATTTTTCTTATTTATCAGGGGTCTTATGACCAGCAAAATGCAACAGAAGGTCGCTACTCATTGAATTTCCAGAAGGCAAGAAAATCCGCCAACCTTGTCATCTCCGCTTCACAACTGGGGGACTCAGCAATGTACTTCTGTGCAATGAGAGAATTGGGAGGAAGCCAAGGAAATCTCATCTTTGGAAAAGGCACTAAACTCTCTGTTAAACCAA,F,T,TRAV14/DV4*01,,TRAJ42*01,,,TGTGCAATGAGAGAATTGGGAGGAAGCCAAGGAAATCTCATCTTT,CAMRELGGSQGNLIF,,,,16358,T,F,277,315,287,292,36|36|36|36|36|36|36|36|36|36|36|36|36|36|36|36|36|36|36|36|36|36|36|36|36|36|36|36|36|36|36|36|36|36|36|36|36|36|36|36|36|36|36|36|36,36,14,19
31,ACCCAGCTGCTGGAGCAGAGCCCTCAGTTTCTAAGCATCCAAGAGGGAGAAAATCTCACTGTGTACTGCAACTCCTCAAGTGTTTTTTCCAGCTTACAATGGTACAGACAGGAGCCTGGGGAAGGTCCTGTCCTCCTGGTGACAGTAGTTACGGGTGGAGAAGTGAAGAAGCTGAAGAGACTAACCTTTCAGTTTGGTGATGCAAGAAAGGACAGTTCTCTCCACATCACTGCAGCCCAGCCTGGTGATACAGGCCTCTACCTCTGTGCAGGGCGACTCTACACCGACAAGCTCATCTTTGGGACTGGGACCAGATTACAAGTCTTTCCAA,F,T,TRAV27*01,,TRAJ34*01,,,TGTGCAGGGCGACTCTACACCGACAAGCTCATCTTT,CAGRLYTDKLIF,,,,16112,T,F,268,297,272,281,36|36|36|36|36|36|36|36|36|36|36|36|36|36|36|36|36|36|36|36|36|36|36|36|36|36|36|36|36|36|36|36|36|36|36|36,36,8,17
32,AATGCTGGTGTCACTCAGACCCCAAAATTCCGGGTCCTGAAGACAGGACAGAGCATGACACTGCTGTGTGCCCAGGATATGAACCATGAATACATGTACTGGTATCGACAAGACCCAGGCATGGGGCTGAGGCTGATTCATTACTCAGTTGGTGAGGGTACAACTGCCAAAGGAGAGGTCCCTGATGGCTACAATGTCTCCAGATTAAAAAAACAGAATTTCCTGCTGGGGTTGGAGTCGGCTGCTCCCTCCCAAACATCTGTGTACTTCTGTGCCAGCAGTTACCTCTTTGGCGCCAGGGGGCCAAACGAGCAGTTCTTCGGGCCAGGGACACGGCTCACCGTGCTAG,F,T,TRBV6-2*01,,TRBJ2-1*01,,,TGTGCCAGCAGTTACCTCTTTGGCGCCAGGGGGCCAAACGAGCAGTTCTTC,CASSYLFGARGPNEQFF,,,,15768,T,F,274,318,285,310,36|36|36|36|36|36|36|36|36|36|36|36|36|36|36|36|36|36|36|36|36|36|36|36|36|36|36|36|36|36|36|36|36|36|36|36|36|36|36|36|36|36|36|36|36|36|36|36|36|36|36,36,15,40
33,GGAGAGAATGTGGAGCAGCATCCTTCAACCCTGAGTGTCCAGGAGGGAGACAGCGCTGTTATCAAGTGTACTTATTCAGACAGTGCCTCAAACTACTTCCCTTGGTATAAGCAAGAACTTGGAAAAGGACCTCAGCTTATTATAGACATTCGTTCAAATGTGGGCGAAAAGAAAGACCAACGAATTGCTGTTACATTGAACAAGACAGCCAAACATTTCTCCCTGCACATCACAGAGACCCAACCTGAAGACTCGGCTGTCTACTTCTGTGCAGCAAGTAAGAATGACATGCGCTTTGGAGCAGGGACCAGACTGACAGTAAAACCAA,F,T,TRAV13-1*01,,TRAJ43*01,,,TGTGCAGCAAGTAAGAATGACATGCGCTTT,CAASKNDMRF,,,,15651,T,F,271,294,280,283,36|36|36|36|36|36|36|36|36|36|36|36|36|36|36|36|36|36|36|36|36|36|36|36|36|36|36|36|36|36,36,13,16
34,GCTCAGACAGTCACTCAGTCTCAACCAGAGATGTCTGTGCAGGAGGCAGAGACCGTGACCCTGAGCTGCACATATGACACCAGTGAGAGTGATTATTATTTATTCTGGTACAAGCAGCCTCCCAGCAGGCAGATGATTCTCGTTATTCGCCAAGAAGCTTATAAGCAACAGAATGCAACAGAGAATCGTTTCTCTGTGAACTTCCAGAAAGCAGCCAAATCCTTCAGTCTCAAGATCTCAGACTCACAGCTGGGGGATGCCGCGATGTATTTCTGTGCTTATAGGAGCGCGGGGCAGGGAGCCCAGAAGCTGGTATTTGGCCAAGGAACCAGGCTGACTATCAACCCAA,F,T,TRAV38-2/DV8*01,,TRAJ54*01,,,TGTGCTTATAGGAGCGCGGGGCAGGGAGCCCAGAAGCTGGTATTT,CAYRSAGQGAQKLVF,,,,14961,T,F,277,315,289,295,36|36|36|36|36|36|36|36|36|36|36|36|36|36|36|36|36|36|36|36|36|36|36|36|36|36|36|36|36|36|36|36|36|36|36|36|36|36|36|36|36|36|36|36|36,36,16,22
35,AAAAATGAAGTGGAGCAGAGTCCTCAGAACCTGACTGCCCAGGAAGGAGAATTTATCACAATCAACTGCAGTTACTCGGTAGGAATAAGTGCCTTACACTGGCTGCAACAGCATCCAGGAGGAGGCATTGTTTCCTTGTTTATGCTGAGCTCAGGGAAGAAGAAGCATGGAAGATTAATTGCCACAATAAACATACAGGAAAAGCACAGCTCCCTGCACATCACAGCCTCCCATCCCAGAGACTCTGCCGTCTACATCTGTGCTGGCTATAGGGGTGGTGCTACAAACAAGCTCATCTTTGGAACTGGCACTCTGCTTGCTGTCCAGCCAA,F,T,TRAV41*01,,TRAJ32*01,,,TGTGCTGGCTATAGGGGTGGTGCTACAAACAAGCTCATCTTT,CAGYRGGATNKLIF,,,,14801,T,F,262,297,265,277,36|36|36|36|36|36|36|36|36|36|36|36|36|36|36|36|36|36|36|36|36|36|36|36|36|36|36|36|36|36|36|36|36|36|36|36|36|36|36|36|36|36,36,7,19
36,TCTCAGACTATTCATCAATGGCCAGCGACCCTGGTGCAGCCTGTGGGCAGCCCGCTCTCTCTGGAGTGCACTGTGGAGGGAACATCAAACCCCAACCTATACTGGTACCGACAGGCTGCAGGCAGGGGCCTCCAGCTGCTCTTCTACTCCGTTGGTATTGGCCAGATCAGCTCTGAGGTGCCCCAGAATCTCTCAGCCTCCAGACCCCAGGACCGGCAGTTCATCCTGAGTTCTAAGAAGCTCCTTCTCAGTGACTCTGGCTTCTATCTCTGTGCCTGGAGTGGCCTAGCGGGAATTGCCTACAATGAGCAGTTCTTCGGGCCAGGGACACGGCTCACCGTGCTAG,F,T,TRBV30*01,,TRBJ2-1*01,,,TGTGCCTGGAGTGGCCTAGCGGGAATTGCCTACAATGAGCAGTTCTTC,CAWSGLAGIAYNEQFF,,,,14192,T,F,274,315,283,299,36|36|36|36|36|36|36|36|36|36|36|36|36|36|36|36|36|36|36|36|36|36|36|36|36|36|36|36|36|36|36|36|36|36|36|36|36|36|36|36|36|36|36|36|36|36|36|36,36,13,29
37,CTTGCTAAGACCACCCAGCCCATCTCCATGGACTCATATGAAGGACAAGAAGTGAACATAACCTGTAGCCACAACAACATTGCTACAAATGATTATATCACGTGGTACCAACAGTTTCCCAGCCAAGGACCACGATTTATTATTCAAGGATACAAGACAAAAGTTACAAACGAAGTGGCCTCCCTGTTTATCCCTGCCGACAGAAAGTCCAGCACTCTGAGCCTGCCCCGGGTTTCCCTGAGCGACACTGCTGTGTACTACTGCCTCGTGGGTGACATGCGATACAGCAGTGCTTCCAAGATAATCTTTGGATCAGGGACCAGACTCAGCATCCGGCCAA,F,T,TRAV4*01,,TRAJ3*01,,,TGCCTCGTGGGTGACATGCGATACAGCAGTGCTTCCAAGATAATCTTT,CLVGDMRYSSASKIIF,,,,14116,T,F,265,306,277,283,36|36|36|36|36|36|36|36|36|36|36|36|36|36|36|36|36|36|36|36|36|36|36|36|36|36|36|36|36|36|36|36|36|36|36|36|36|36|36|36|36|36|36|36|36|36|36|36,36,16,22
38,ACCCAGCTGCTGGAGCAGAGCCCTCAGTTTCTAAGCATCCAAGAGGGAGAAAATCTCACTGTGTACTGCAACTCCTCAAGTGTTTTTTCCAGCTTACAATGGTACAGACAGGAGCCTGGGGAAGGTCCTGTCCTCCTGGTGACAGTAGTTACGGGTGGAGAAGTGAAGAAGCTGAAGAGACTAACCTTTCAGTTTGGTGATGCAAGAAAGGACAGTTCTCTCCACATCACTGCAGCCCAGCCTGGTGATACAGGCCTCTACCTCTGTGCAGGAGCCTCTTCTCTAGACCAGGCAGGAACTGCTCTGATCTTTGGGAAGGGAACCACCTTATCAGTGAGTTCCA,F,T,TRAV27*01,,TRAJ15*01,,,TGTGCAGGAGCCTCTTCTCTAGACCAGGCAGGAACTGCTCTGATCTTT,CAGASSLDQAGTALIF,,,,13211,T,F,268,309,274,287,36|36|36|36|36|36|36|36|36|36|36|36|36|36|36|36|36|36|36|36|36|36|36|36|36|36|36|36|36|36|36|36|36|36|36|36|36|36|36|36|36|36|36|36|36|36|36|36,36,10,23
39,CAGAAGGAGGTGGAGCAGAATTCTGGACCCCTCAGTGTTCCAGAGGGAGCCATTGCCTCTCTCAACTGCACTTACAGTGACCGAGGTTCCCAGTCCTTCTTCTGGTACAGACAATATTCTGGGAAAAGCCCTGAGTTGATAATGTTCATATACTCCAATGGTGACAAAGAAGATGGAAGGTTTACAGCACAGCTCAATAAAGCCAGCCAGTATGTTTCTCTGCTCATCAGAGACTCCCAGCCCAGTGATTCAGCCACCTACCTCTGTGCCGTGAGGGGTGGAGGCTTCAAAACTATCTTTGGAGCAGGAACAAGACTATTTGTTAAAGCAA,F,T,TRAV12-2*01,,TRAJ9*01,,,TGTGCCGTGAGGGGTGGAGGCTTCAAAACTATCTTT,CAVRGGGFKTIF,,,,13152,T,F,268,297,274,279,36|36|36|36|36|36|36|36|36|36|36|36|36|36|36|36|36|36|36|36|36|36|36|36|36|36|36|36|36|36|36|36|36|36|36|36,36,10,15
40,GCTCAGACAGTCACTCAGTCTCAACCAGAGATGTCTGTGCAGGAGGCAGAGACCGTGACCCTGAGCTGCACATATGACACCAGTGAGAGTGATTATTATTTATTCTGGTACAAGCAGCCTCCCAGCAGGCAGATGATTCTCGTTATTCGCCAAGAAGCTTATAAGCAACAGAATGCAACAGAGAATCGTTTCTCTGTGAACTTCCAGAAAGCAGCCAAATCCTTCAGTCTCAAGATCTCAGACTCACAGCTGGGGGATGCCGCGATGTATTTCTGTGCTTATAGGATAATTAACCAGTTCTATTTTGGGACAGGGACAAGTTTGACGGTCATTCCAA,F,T,TRAV38-2/DV8*01,,TRAJ49*01,,,TGTGCTTATAGGATAATTAACCAGTTCTATTTT,CAYRIINQFYF,,,,13103,T,F,277,303,286,291,36|36|36|36|36|36|36|36|36|36|36|36|36|36|36|36|36|36|36|36|36|36|36|36|36|36|36|36|36|36|36|36|36,36,13,18
41,GGTGCTGGAGTCTCCCAGTCTCCCAGGTACAAAGTCACAAAGAGGGGACAGGATGTAGCTCTCAGGTGTGATCCAATTTCGGGTCATGTATCCCTTTATTGGTACCGACAGGCCCTGGGGCAGGGCCCAGAGTTTCTGACTTACTTCAATTATGAAGCCCAACAAGACAAATCAGGGCTGCCCAATGATCGGTTCTCTGCAGAGAGGCCTGAGGGATCCATCTCCACTCTGACGATCCAGCGCACAGAGCAGCGGGACTCGGCCATGTATCGCTGTGCCAGCAGCCGCGAACAGGGGGCGAACACCGGGGAGCTGTTTTTTGGAGAAGGCTCTAGGCTGACCGTACTGG,F,T,TRBV7-6*01,,TRBJ2-2*01,,,TGTGCCAGCAGCCGCGAACAGGGGGCGAACACCGGGGAGCTGTTTTTT,CASSREQGANTGELFF,,,,12771,T,F,277,318,285,299,36|36|36|36|36|36|36|36|36|36|36|36|36|36|36|36|36|36|36|36|36|36|36|36|36|36|36|36|36|36|36|36|36|36|36|36|36|36|36|36|36|36|36|36|36|36|36|36,36,12,26
42,GGACAAAACATTGACCAGCCCACTGAGATGACAGCTACGGAAGGTGCCATTGTCCAGATCAACTGCACGTACCAGACATCTGGGTTCAACGGGCTGTTCTGGTACCAGCAACATGCTGGCGAAGCACCCACATTTCTGTCTTACAATGTTCTGGATGGTTTGGAGGAGAAAGGTCGTTTTTCTTCATTCCTTAGTCGGTCTAAAGGGTACAGTTACCTCCTTTTGAAGGAGCTCCAGATGAAAGACTCTGCCTCTTACCTCTGTGCTGTGAGAGATGGCGACTACAAGCTCAGCTTTGGAGCCGGAACCACAGTAACTGTAAGAGCAA,F,T,TRAV1-2*01,,TRAJ20*01,,,TGTGCTGTGAGAGATGGCGACTACAAGCTCAGCTTT,CAVRDGDYKLSF,,,,12610,T,F,265,294,275,279,36|36|36|36|36|36|36|36|36|36|36|36|36|36|36|36|36|36|36|36|36|36|36|36|36|36|36|36|36|36|36|36|36|36|36|36,36,14,18
43,AAGGCTGGAGTCACTCAAACTCCAAGATATCTGATCAAAACGAGAGGACAGCAAGTGACACTGAGCTGCTCCCCTATCTCTGGGCATAGGAGTGTATCCTGGTACCAACAGACCCCAGGACAGGGCCTTCAGTTCCTCTTTGAATACTTCAGTGAGACACAGAGAAACAAAGGAAACTTCCCTGGTCGATTCTCAGGGCGCCAGTTCTCTAACTCTCGCTCTGAGATGAATGTGAGCACCTTGGAGCTGGGGGACTCGGCCCTTTATCTTTGCGCCAGCAGCTGGACAGGAAACAATCCCTACGAGCAGTACTTCGGGCCGGGCACCAGGCTCACGGTCACAG,F,T,TRBV5-1*01,,TRBJ2-7*01,,,TGCGCCAGCAGCTGGACAGGAAACAATCCCTACGAGCAGTACTTC,CASSWTGNNPYEQYF,,,,11953,T,F,274,312,283,299,36|36|36|36|36|36|36|36|36|36|36|36|36|36|36|36|36|36|36|36|36|36|36|36|36|36|36|36|36|36|36|36|36|36|36|36|36|36|36|36|36|36|36|36|36,36,13,29
44,GAAGCCCAAGTGACCCAGAACCCAAGATACCTCATCACAGTGACTGGAAAGAAGTTAACAGTGACTTGTTCTCAGAATATGAACCATGAGTATATGTCCTGGTATCGACAAGACCCAGGGCTGGGCTTAAGGCAGATCTACTATTCAATGAATGTTGAGGTGACTGATAAGGGAGATGTTCCTGAAGGGTACAAAGTCTCTCGAAAAGAGAAGAGGAATTTCCCCCTGATCCTGGAGTCGCCCAGCCCCAACCAGACCTCTCTGTACTTCTGTGCCAGCAGCCTGAGCGCTGTCGGGGAGCTGTTTTTTGGAGAAGGCTCTAGGCTGACCGTACTGG,F,T,TRBV27*01,,TRBJ2-2*01,,,TGTGCCAGCAGCCTGAGCGCTGTCGGGGAGCTGTTTTTT,CASSLSAVGELFF,,,,11368,T,F,274,306,281,294,36|36|36|36|36|36|36|36|36|36|36|36|36|36|36|36|36|36|36|36|36|36|36|36|36|36|36|36|36|36|36|36|36|36|36|36|36|36|36,36,11,24
45,GGAGAGAGTGTGGGGCTGCATCTTCCTACCCTGAGTGTCCAGGAGGGTGACAACTCTATTATCAACTGTGCTTATTCAAACAGCGCCTCAGACTACTTCATTTGGTACAAGCAAGAATCTGGAAAAGGTCCTCAATTCATTATAGACATTCGTTCAAATATGGACAAAAGGCAAGGCCAAAGAGTCACCGTTTTATTGAATAAGACAGTGAAACATCTCTCTCTGCAAATTGCAGCTACTCAACCTGGAGACTCAGCTGTCTACTTTTGTGCAGAGATTACGGGCTTTCAGAAACTTGTATTTGGAACTGGCACCCGACTTCTGGTCAGTCCAA,F,T,TRAV13-2*01,,TRAJ8*01,,,TGTGCAGAGATTACGGGCTTTCAGAAACTTGTATTT,CAEITGFQKLVF,,,,11217,T,F,271,300,277,283,36|36|36|36|36|36|36|36|36|36|36|36|36|36|36|36|36|36|36|36|36|36|36|36|36|36|36|36|36|36|36|36|36|36|36|36,36,10,16
46,ATACTGAACGTGGAACAAAGTCCTCAGTCACTGCATGTTCAGGAGGGAGACAGCACCAATTTCACCTGCAGCTTCCCTTCCAGCAATTTTTATGCCTTACACTGGTACAGATGGGAAACTGCAAAAAGCCCCGAGGCCTTGTTTGTAATGACTTTAAATGGGGATGAAAAGAAGAAAGGACGAATAAGTGCCACTCTTAATACCAAGGAGGGTTACAGCTATTTGTACATCAAAGGATCCCAGCCTGAAGACTCAGCCACATACCTCTGTGCCTTCCTCGTTTATGGAGGAAGCCAAGGAAATCTCATCTTTGGAAAAGGCACTAAACTCTCTGTTAAACCAA,F,T,TRAV24*01,,TRAJ42*01,,,TGTGCCTTCCTCGTTTATGGAGGAAGCCAAGGAAATCTCATCTTT,CAFLVYGGSQGNLIF,,,,11112,T,F,271,309,275,282,36|36|36|36|36|36|36|36|36|36|36|36|36|36|36|36|36|36|36|36|36|36|36|36|36|36|36|36|36|36|36|36|36|36|36|36|36|36|36|36|36|36|36|36|36,36,8,15
47,GCCCAGTCGGTGACCCAGCTTGACAGCCACGTCTCTGTCTCTGAAGGAACCCCGGTGCTGCTGAGGTGCAACTACTCATCTTCTTATTCACCATCTCTCTTCTGGTATGTGCAACACCCCAACAAAGGACTCCAGCTTCTCCTGAAGTACACATCAGCGGCCACCCTGGTTAAAGGCATCAACGGTTTTGAGGCTGAATTTAAGAAGAGTGAAACCTCCTTCCACCTGACGAAACCCTCAGCCCATATGAGCGACGCGGCTGAGTACTTCTGTGTTGTGACCGAGGGTAACGACTACAAGCTCAGCTTTGGAGCCGGAACCACAGTAACTGTAAGAGCAA,F,T,TRAV8-2*01,,TRAJ20*01,,,TGTGTTGTGACCGAGGGTAACGACTACAAGCTCAGCTTT,CVVTEGNDYKLSF,,,,10852,T,F,274,306,280,288,36|36|36|36|36|36|36|36|36|36|36|36|36|36|36|36|36|36|36|36|36|36|36|36|36|36|36|36|36|36|36|36|36|36|36|36|36|36|36,36,10,18
48,GCTCAGACAGTCACTCAGTCTCAACCAGAGATGTCTGTGCAGGAGGCAGAGACCGTGACCCTGAGCTGCACATATGACACCAGTGAGAGTGATTATTATTTATTCTGGTACAAGCAGCCTCCCAGCAGGCAGATGATTCTCGTTATTCGCCAAGAAGCTTATAAGCAACAGAATGCAACAGAGAATCGTTTCTCTGTGAACTTCCAGAAAGCAGCCAAATCCTTCAGTCTCAAGATCTCAGACTCACAGCTGGGGGATGCCGCGATGTATTTCTGTGCTTGCAGCAGAGATGACAAGATCATCTTTGGAAAAGGGACACGACTTCATATTCTCCCCA,F,T,TRAV38-2/DV8*01,,TRAJ30*01,,,TGTGCTTGCAGCAGAGATGACAAGATCATCTTT,CACSRDDKIIF,,,,10742,T,F,277,303,280,285,36|36|36|36|36|36|36|36|36|36|36|36|36|36|36|36|36|36|36|36|36|36|36|36|36|36|36|36|36|36|36|36|36,36,7,12
49,GCCCAGTCGGTGACCCAGCTTGACAGCCACGTCTCTGTCTCTGAAGGAACCCCGGTGCTGCTGAGGTGCAACTACTCATCTTCTTATTCACCATCTCTCTTCTGGTATGTGCAACACCCCAACAAAGGACTCCAGCTTCTCCTGAAGTACACATCAGCGGCCACCCTGGTTAAAGGCATCAACGGTTTTGAGGCTGAATTTAAGAAGAGTGAAACCTCCTTCCACCTGACGAAACCCTCAGCCCATATGAGCGACGCGGCTGAGTACTTCTGTGTTGTGAGCCCCTTCACGGGAGGAGGAAACAAACTCACCTTTGGGACAGGCACTCAGCTAAAAGTGGAACTCA,F,T,TRAV8-2*01,,TRAJ10*01,,,TGTGTTGTGAGCCCCTTCACGGGAGGAGGAAACAAACTCACCTTT,CVVSPFTGGGNKLTF,,,,10458,T,F,274,312,281,287,36|36|36|36|36|36|36|36|36|36|36|36|36|36|36|36|36|36|36|36|36|36|36|36|36|36|36|36|36|36|36|36|36|36|36|36|36|36|36|36|36|36|36|36|36,36,11,17
50,AATGCTGGTGTCACTCAGACCCCAAAATTCCAGGTCCTGAAGACAGGACAGAGCATGACACTGCAGTGTGCCCAGGATATGAACCATGAATACATGTCCTGGTATCGACAAGACCCAGGCATGGGGCTGAGGCTGATTCATTACTCAGTTGGTGCTGGTATCACTGACCAAGGAGAAGTCCCCAATGGCTACAATGTCTCCAGATCAACCACAGAGGATTTCCCGCTCAGGCTGCTGTCGGCTGCTCCCTCCCAGACATCTGTGTACTTCTGTGCCAGCAGTTACCTAGCGGGGGGGCACAATGAGCAGTTCTTCGGGCCAGGGACACGGCTCACCGTGCTAG,F,T,TRBV6-5*01,,TRBJ2-1*01,,,TGTGCCAGCAGTTACCTAGCGGGGGGGCACAATGAGCAGTTCTTC,CASSYLAGGHNEQFF,,,,10286,T,F,274,312,285,299,36|36|36|36|36|36|36|36|36|36|36|36|36|36|36|36|36|36|36|36|36|36|36|36|36|36|36|36|36|36|36|36|36|36|36|36|36|36|36|36|36|36|36|36|36,36,15,29
51,GGTGCTGGAGTCTCCCAGTCCCCTAGGTACAAAGTCGCAAAGAGAGGACAGGATGTAGCTCTCAGGTGTGATCCAATTTCGGGTCATGTATCCCTTTTTTGGTACCAACAGGCCCTGGGGCAGGGGCCAGAGTTTCTGACTTATTTCCAGAATGAAGCTCAACTAGACAAATCGGGGCTGCCCAGTGATCGCTTCTTTGCAGAAAGGCCTGAGGGATCCGTCTCCACTCTGAAGATCCAGCGCACACAGCAGGAGGACTCCGCCGTGTATCTCTGTGCCAGCAGCTTCGACAGGGGGCACGCCGAGCAGTACTTCGGGCCGGGCACCAGGCTCACGGTCACAG,F,T,TRBV7-8*01,,TRBJ2-7*01,,,TGTGCCAGCAGCTTCGACAGGGGGCACGCCGAGCAGTACTTC,CASSFDRGHAEQYF,,,,10245,T,F,277,312,287,303,36|36|36|36|36|36|36|36|36|36|36|36|36|36|36|36|36|36|36|36|36|36|36|36|36|36|36|36|36|36|36|36|36|36|36|36|36|36|36|36|36|36,36,14,30
52,GCCCAGACAGTCACTCAGTCTCAACCAGAGATGTCTGTGCAGGAGGCAGAGACTGTGACCCTGAGTTGCACATATGACACCAGTGAGAATAATTATTATTTGTTCTGGTACAAGCAGCCTCCCAGCAGGCAGATGATTCTCGTTATTCGCCAAGAAGCTTATAAGCAACAGAATGCAACGGAGAATCGTTTCTCTGTGAACTTCCAGAAAGCAGCCAAATCCTTCAGTCTCAAGATCTCAGACTCACAGCTGGGGGACACTGCGATGTATTTCTGTGCTTTCATGACCGGTAACCAGTTCTATTTTGGGACAGGGACAAGTTTGACGGTCATTCCAA,F,T,TRAV38-1*01,,TRAJ49*01,,,TGTGCTTTCATGACCGGTAACCAGTTCTATTTT,CAFMTGNQFYF,,,,10234,T,F,277,303,286,287,36|36|36|36|36|36|36|36|36|36|36|36|36|36|36|36|36|36|36|36|36|36|36|36|36|36|36|36|36|36|36|36|36,36,13,14
53,AGTCAACAGGGAGAAGAGGATCCTCAGGCCTTGAGCATCCAGGAGGGTGAAAATGCCACCATGAACTGCAGTTACAAAACTAGTATAAACAATTTACAGTGGTATAGACAAAATTCAGGTAGAGGCCTTGTCCACCTAATTTTAATACGTTCAAATGAAAGAGAGAAACACAGTGGAAGATTAAGAGTCACGCTTGACACTTCCAAGAAAAGCAGTTCCTTGTTGATCACGGCTTCCCGGGCAGCAGACACTGCTTCTTACTTCTGTGCTACACCTCTTGAGAACAGAGATGACAAGATCATCTTTGGAAAAGGGACACGACTTCATATTCTCCCCA,F,T,TRAV17*01,,TRAJ30*01,,,TGTGCTACACCTCTTGAGAACAGAGATGACAAGATCATCTTT,CATPLENRDDKIIF,,,,9882,T,F,268,303,272,282,36|36|36|36|36|36|36|36|36|36|36|36|36|36|36|36|36|36|36|36|36|36|36|36|36|36|36|36|36|36|36|36|36|36|36|36|36|36|36|36|36|36,36,8,18
54,GGTGCTGGAGTCTCCCAGTCCCCTAGGTACAAAGTCGCAAAGAGAGGACAGGATGTAGCTCTCAGGTGTGATCCAATTTCGGGTCATGTATCCCTTTTTTGGTACCAACAGGCCCTGGGGCAGGGGCCAGAGTTTCTGACTTATTTCCAGAATGAAGCTCAACTAGACAAATCGGGGCTGCCCAGTGATCGCTTCTTTGCAGAAAGGCCTGAGGGATCCGTCTCCACTCTGAAGATCCAGCGCACACAGCAGGAGGACTCCGCCGTGTATCTCTGTGCCAGCAGCTTACTAGCGGGAGGCCAGGATACGCAGTATTTTGGCCCAGGCACCCGGCTGACAGTGCTCG,F,T,TRBV7-8*01,,TRBJ2-3*01,,,TGTGCCAGCAGCTTACTAGCGGGAGGCCAGGATACGCAGTATTTT,CASSLLAGGQDTQYF,,,,9551,T,F,277,315,288,304,36|36|36|36|36|36|36|36|36|36|36|36|36|36|36|36|36|36|36|36|36|36|36|36|36|36|36|36|36|36|36|36|36|36|36|36|36|36|36|36|36|36|36|36|36,36,15,31
55,GGTGCTGTCGTCTCTCAACATCCGAGCTGGGTTATCTGTAAGAGTGGAACCTCTGTGAAGATCGAGTGCCGTTCCCTGGACTTTCAGGCCACAACTATGTTTTGGTATCGTCAGTTCCCGAAACAGAGTCTCATGCTGATGGCAACTTCCAATGAGGGCTCCAAGGCCACATACGAGCAAGGCGTCGAGAAGGACAAGTTTCTCATCAACCATGCAAGCCTGACCTTGTCCACTCTGACAGTGACCAGTGCCCATCCTGAAGACAGCAGCTTCTACATCTGCAGTGCTAGGGACTTCACTAGCGGGACGTACAATGAGCAGTTCTTCGGGCCAGGGACACGGCTCACCGTGCTAG,F,T,TRBV20-1*01,,TRBJ2-1*01,,,TGCAGTGCTAGGGACTTCACTAGCGGGACGTACAATGAGCAGTTCTTC,CSARDFTSGTYNEQFF,,,,9345,T,F,283,324,293,310,36|36|36|36|36|36|36|36|36|36|36|36|36|36|36|36|36|36|36|36|36|36|36|36|36|36|36|36|36|36|36|36|36|36|36|36|36|36|36|36|36|36|36|36|36|36|36|36,36,14,31
56,AAGGCTGGAGTCACTCAAACTCCAAGATATCTGATCAAAACGAGAGGACAGCAAGTGACACTGAGCTGCTCCCCTATCTCTGGGCATAGGAGTGTATCCTGGTACCAACAGACCCCAGGACAGGGCCTTCAGTTCCTCTTTGAATACTTCAGTGAGACACAGAGAAACAAAGGAAACTTCCCTGGTCGATTCTCAGGGCGCCAGTTCTCTAACTCTCGCTCTGAGATGAATGTGAGCACCTTGGAGCTGGGGGACTCGGCCCTTTATCTTTGCGCCAGCAGCTTCGAGGCGGGAACAGATACGCAGTATTTTGGCCCAGGCACCCGGCTGACAGTGCTCG,F,T,TRBV5-1*01,,TRBJ2-3*01,,,TGCGCCAGCAGCTTCGAGGCGGGAACAGATACGCAGTATTTT,CASSFEAGTDTQYF,,,,9158,T,F,274,309,284,295,36|36|36|36|36|36|36|36|36|36|36|36|36|36|36|36|36|36|36|36|36|36|36|36|36|36|36|36|36|36|36|36|36|36|36|36|36|36|36|36|36|36,36,14,25
57,AAGGACCAAGTGTTTCAGCCTTCCACAGTGGCATCTTCAGAGGGAGCTGTGGTGGAAATCTTCTGTAATCACTCTGTGTCCAATGCTTACAACTTCTTCTGGTACCTTCACTTCCCGGGATGTGCACCAAGACTCCTTGTTAAAGGCTCAAAGCCTTCTCAGCAGGGACGATACAACATGACCTATGAACGGTTCTCTTCATCGCTGCTCATCCTCCAGGTGCGGGAGGCAGATGCTGCTGTTTACTACTGTGCTGTGAAAGTTGCAGGCAAATCAACCTTTGGGGATGGGACTACGCTCACTGTGAAGCCAA,F,T,TRAV2*01,,TRAJ27*01,,,TGTGCTGTGAAAGTTGCAGGCAAATCAACCTTT,CAVKVAGKSTF,,,,9108,T,F,253,279,258,264,36|36|36|36|36|36|36|36|36|36|36|36|36|36|36|36|36|36|36|36|36|36|36|36|36|36|36|36|36|36|36|36|36,36,9,15
58,GGAGAGAATGTGGAGCAGCATCCTTCAACCCTGAGTGTCCAGGAGGGAGACAGCGCTGTTATCAAGTGTACTTATTCAGACAGTGCCTCAAACTACTTCCCTTGGTATAAGCAAGAACTTGGAAAAGGACCTCAGCTTATTATAGACATTCGTTCAAATGTGGGCGAAAAGAAAGACCAACGAATTGCTGTTACATTGAACAAGACAGCCAAACATTTCTCCCTGCACATCACAGAGACCCAACCTGAAGACTCGGCTGTCTACTTCTGTGCAGCAAGTACGGATGGGAGTTACCAACTCACTTTCGGGAAGGGGACCAAACTCTCGGTCATACCAA,F,T,TRAV13-1*01,,TRAJ28*01,,,TGTGCAGCAAGTACGGATGGGAGTTACCAACTCACTTTC,CAASTDGSYQLTF,,,,8858,T,F,271,303,280,282,36|36|36|36|36|36|36|36|36|36|36|36|36|36|36|36|36|36|36|36|36|36|36|36|36|36|36|36|36|36|36|36|36|36|36|36|36|36|36,36,13,15
59,ACCCAGCTGCTGGAGCAGAGCCCTCAGTTTCTAAGCATCCAAGAGGGAGAAAATCTCACTGTGTACTGCAACTCCTCAAGTGTTTTTTCCAGCTTACAATGGTACAGACAGGAGCCTGGGGAAGGTCCTGTCCTCCTGGTGACAGTAGTTACGGGTGGAGAAGTGAAGAAGCTGAAGAGACTAACCTTTCAGTTTGGTGATGCAAGAAAGGACAGTTCTCTCCACATCACTGCAGCCCAGCCTGGTGATACAGGCCTCTACCTCTGTGCGGGACGCTCAGGAACCTACAAATACATCTTTGGAACAGGCACCAGGCTGAAGGTTTTAGCAA,F,T,TRAV27*01,,TRAJ40*01,,,TGTGCGGGACGCTCAGGAACCTACAAATACATCTTT,CAGRSGTYKYIF,,,,8852,T,F,268,297,273,276,36|36|36|36|36|36|36|36|36|36|36|36|36|36|36|36|36|36|36|36|36|36|36|36|36|36|36|36|36|36|36|36|36|36|36|36,36,9,12
60,GCCCAGTCGGTGACCCAGCTTGACAGCCACGTCTCTGTCTCTGAAGGAACCCCGGTGCTGCTGAGGTGCAACTACTCATCTTCTTATTCACCATCTCTCTTCTGGTATGTGCAACACCCCAACAAAGGACTCCAGCTTCTCCTGAAGTACACATCAGCGGCCACCCTGGTTAAAGGCATCAACGGTTTTGAGGCTGAATTTAAGAAGAGTGAAACCTCCTTCCACCTGACGAAACCCTCAGCCCATATGAGCGACGCGGCTGAGTACTTCTGTGTTGTGAGTCCATTCACGGGAGGAGGAAACAAACTCACCTTTGGGACAGGCACTCAGCTAAAAGTGGAACTCA,F,T,TRAV8-2*01,,TRAJ10*01,,,TGTGTTGTGAGTCCATTCACGGGAGGAGGAAACAAACTCACCTTT,CVVSPFTGGGNKLTF,,,,8503,T,F,274,312,282,287,36|36|36|36|36|36|36|36|36|36|36|36|36|36|36|36|36|36|36|36|36|36|36|36|36|36|36|36|36|36|36|36|36|36|36|36|36|36|36|36|36|36|36|36|36,36,12,17
61,GGAAATTCAGTGACCCAGATGGAAGGGCCAGTGACTCTCTCAGAAGAGGCCTTCCTGACTATAAACTGCACGTACACAGCCACAGGATACCCTTCCCTTTTCTGGTATGTCCAATATCCTGGAGAAGGTCTACAGCTCCTCCTGAAAGCCACGAAGGCTGATGACAAGGGAAGCAACAAAGGTTTTGAAGCCACATACCGTAAAGAAACCACTTCTTTCCACTTGGAGAAAGGCTCAGTTCAAGTGTCAGACTCAGCGGTGTACTTCTGTGCTCTGAGTGATCTGTCGCGGGGCACAGGCTTTCAGAAACTTGTATTTGGAACTGGCACCCGACTTCTGGTCAGTCCAA,F,T,TRAV9-2*01,,TRAJ8*01,,,TGTGCTCTGAGTGATCTGTCGCGGGGCACAGGCTTTCAGAAACTTGTATTT,CALSDLSRGTGFQKLVF,,,,8357,T,F,271,315,281,294,36|36|36|36|36|36|36|36|36|36|36|36|36|36|36|36|36|36|36|36|36|36|36|36|36|36|36|36|36|36|36|36|36|36|36|36|36|36|36|36|36|36|36|36|36|36|36|36|36|36|36,36,14,27
62,AATGCTGGTGTCACTCAGACCCCAAAATTCCGGGTCCTGAAGACAGGACAGAGCATGACACTGCTGTGTGCCCAGGATATGAACCATGAATACATGTACTGGTATCGACAAGACCCAGGCATGGGGCTGAGGCTGATTCATTACTCAGTTGGTGAGGGTACAACTGCCAAAGGAGAGGTCCCTGATGGCTACAATGTCTCCAGATTAAAAAAACAGAATTTCCTGCTGGGGTTGGAGTCGGCTGCTCCCTCCCAAACATCTGTGTACTTCTGTGCCAGCAGCTTCCGCGGGACAGGGTCCTACGAGCAGTACTTCGGGCCGGGCACCAGGCTCACGGTCACAG,F,T,TRBV6-3*01,,TRBJ2-7*01,,,TGTGCCAGCAGCTTCCGCGGGACAGGGTCCTACGAGCAGTACTTC,CASSFRGTGSYEQYF,,,,8259,T,F,274,312,281,298,36|36|36|36|36|36|36|36|36|36|36|36|36|36|36|36|36|36|36|36|36|36|36|36|36|36|36|36|36|36|36|36|36|36|36|36|36|36|36|36|36|36|36|36|36,36,11,28
63,CAGAAGGAGGTGGAGCAGGATCCTGGACCACTCAGTGTTCCAGAGGGAGCCATTGTTTCTCTCAACTGCACTTACAGCAACAGTGCTTTTCAATACTTCATGTGGTACAGACAGTATTCCAGAAAAGGCCCTGAGTTGCTGATGTACACATACTCCAGTGGTAACAAAGAAGATGGAAGGTTTACAGCACAGGTCGATAAATCCAGCAAGTATATCTCCTTGTTCATCAGAGACTCACAGCCCAGTGATTCAGCCACCTACCTCTGTGCAATGAGCGATAATTCTGGGGGTTACCAGAAAGTTACCTTTGGAATTGGAACAAAGCTCCAAGTCATCCCAA,F,T,TRAV12-3*01,,TRAJ13*01,,,TGTGCAATGAGCGATAATTCTGGGGGTTACCAGAAAGTTACCTTT,CAMSDNSGGYQKVTF,,,,8190,T,F,268,306,277,280,36|36|36|36|36|36|36|36|36|36|36|36|36|36|36|36|36|36|36|36|36|36|36|36|36|36|36|36|36|36|36|36|36|36|36|36|36|36|36|36|36|36|36|36|36,36,13,16
64,GCTCAGACAGTCACTCAGTCTCAACCAGAGATGTCTGTGCAGGAGGCAGAGACCGTGACCCTGAGCTGCACATATGACACCAGTGAGAGTGATTATTATTTATTCTGGTACAAGCAGCCTCCCAGCAGGCAGATGATTCTCGTTATTCGCCAAGAAGCTTATAAGCAACAGAATGCAACAGAGAATCGTTTCTCTGTGAACTTCCAGAAAGCAGCCAAATCCTTCAGTCTCAAGATCTCAGACTCACAGCTGGGGGATGCCGCGATGTATTTCTGTGCTTATCGAGGTGGAAATGAGAAATTAACCTTTGGGACTGGAACAAGACTCACCATCATACCCA,F,T,TRAV38-2/DV8*01,,TRAJ48*01,,,TGTGCTTATCGAGGTGGAAATGAGAAATTAACCTTT,CAYRGGNEKLTF,,,,8113,T,F,277,306,282,288,36|36|36|36|36|36|36|36|36|36|36|36|36|36|36|36|36|36|36|36|36|36|36|36|36|36|36|36|36|36|36|36|36|36|36|36,36,9,15
65,GGAGAGGATGTGGAGCAGAGTCTTTTCCTGAGTGTCCGAGAGGGAGACAGCTCCGTTATAAACTGCACTTACACAGACAGCTCCTCCACCTACTTATACTGGTATAAGCAAGAACCTGGAGCAGGTCTCCAGTTGCTGACGTATATTTTTTCAAATATGGACATGAAACAAGACCAAAGACTCACTGTTCTATTGAATAAAAAGGATAAACATCTGTCTCTGCGCATTGCAGACACCCAGACTGGGGACTCAGCTATCTACTTCTGTGCGGCGAACGACTACAAGCTCAGCTTTGGAGCCGGAACCACAGTAACTGTAAGAGCAA,F,T,TRAV5*01,,TRAJ20*01,,,TGTGCGGCGAACGACTACAAGCTCAGCTTT,CAANDYKLSF,,,,8086,T,F,268,291,269,274,36|36|36|36|36|36|36|36|36|36|36|36|36|36|36|36|36|36|36|36|36|36|36|36|36|36|36|36|36|36,36,5,10
66,AAACAGGAGGTGACGCAGATTCCTGCAGCTCTGAGTGTCCCAGAAGGAGAAAACTTGGTTCTCAACTGCAGTTTCACTGATAGCGCTATTTACAACCTCCAGTGGTTTAGGCAGGACCCTGGGAAAGGTCTCACATCTCTGTTGCTTATTCAGTCAAGTCAGAGAGAGCAAACAAGTGGAAGACTTAATGCCTCGCTGGATAAATCATCAGGACGTAGTACTTTATACATTGCAGCTTCTCAGCCTGGTGACTCAGCCACCTACCTCTGTGCTGTGAGGAACGACTACAAGCTCAGCTTTGGAGCCGGAACCACAGTAACTGTAAGAGCAA,F,T,TRAV21*01,,TRAJ20*01,,,TGTGCTGTGAGGAACGACTACAAGCTCAGCTTT,CAVRNDYKLSF,,,,8077,T,F,271,297,279,280,36|36|36|36|36|36|36|36|36|36|36|36|36|36|36|36|36|36|36|36|36|36|36|36|36|36|36|36|36|36|36|36|36,36,12,13
67,ACCCAGCTGCTGGAGCAGAGCCCTCAGTTTCTAAGCATCCAAGAGGGAGAAAATCTCACTGTGTACTGCAACTCCTCAAGTGTTTTTTCCAGCTTACAATGGTACAGACAGGAGCCTGGGGAAGGTCCTGTCCTCCTGGTGACAGTAGTTACGGGTGGAGAAGTGAAGAAGCTGAAGAGACTAACCTTTCAGTTTGGTGATGCAAGAAAGGACAGTTCTCTCCACATCACTGCAGCCCAGCCTGGTGATACAGGCCTCTACCTCTGTGCAGGAGGGGGTGGTGGTACTAGCTATGGAAAGCTGACATTTGGACAAGGGACCATCTTGACTGTCCATCCAA,F,T,TRAV27*01,,TRAJ52*01,,,TGTGCAGGAGGGGGTGGTGGTACTAGCTATGGAAAGCTGACATTT,CAGGGGGTSYGKLTF,,,,8025,T,F,268,306,274,279,36|36|36|36|36|36|36|36|36|36|36|36|36|36|36|36|36|36|36|36|36|36|36|36|36|36|36|36|36|36|36|36|36|36|36|36|36|36|36|36|36|36|36|36|36,36,10,15
68,CTTGCTAAGACCACCCAGCCCATCTCCATGGACTCATATGAAGGACAAGAAGTGAACATAACCTGTAGCCACAACAACATTGCTACAAATGATTATATCACGTGGTACCAACAGTTTCCCAGCCAAGGACCACGATTTATTATTCAAGGATACAAGACAAAAGTTACAAACGAAGTGGCCTCCCTGTTTATCCCTGCCGACAGAAAGTCCAGCACTCTGAGCCTGCCCCGGGTTTCCCTGAGCGACACTGCTGTGTACTACTGCCTCGTGGGTGACAGGGGAAATTATGGAGGAAGCCAAGGAAATCTCATCTTTGGAAAAGGCACTAAACTCTCTGTTAAACCAA,F,T,TRAV4*01,,TRAJ42*01,,,TGCCTCGTGGGTGACAGGGGAAATTATGGAGGAAGCCAAGGAAATCTCATCTTT,CLVGDRGNYGGSQGNLIF,,,,7812,T,F,265,312,277,283,36|36|36|36|36|36|36|36|36|36|36|36|36|36|36|36|36|36|36|36|36|36|36|36|36|36|36|36|36|36|36|36|36|36|36|36|36|36|36|36|36|36|36|36|36|36|36|36|36|36|36|36|36|36,36,16,22
69,GCTCAGTCAGTGGCTCAGCCGGAAGATCAGGTCAACGTTGCTGAAGGGAATCCTCTGACTGTGAAATGCACCTATTCAGTCTCTGGAAACCCTTATCTTTTTTGGTATGTTCAATACCCCAACCGAGGCCTCCAGTTCCTTCTGAAATACATCACAGGGGATAACCTGGTTAAAGGCAGCTATGGCTTTGAAGCTGAATTTAACAAGAGCCAAACCTCCTTCCACCTGAAGAAACCATCTGCCCTTGTGAGCGACTCCGCTTTGTACTTCTGTGCTGTGAGAGGACGGAATGCTGGCAACAACCGTAAGCTGATTTGGGGATTGGGAACAAGCCTGGCAGTAAATCCGA,F,T,TRAV3*01,,TRAJ38*01,,,TGTGCTGTGAGAGGACGGAATGCTGGCAACAACCGTAAGCTGATTTGG,CAVRGRNAGNNRKLIW,,,,7607,T,F,274,315,283,289,36|36|36|36|36|36|36|36|36|36|36|36|36|36|36|36|36|36|36|36|36|36|36|36|36|36|36|36|36|36|36|36|36|36|36|36|36|36|36|36|36|36|36|36|36|36|36|36,36,13,19
70,AAACAGGAGGTGACGCAGATTCCTGCAGCTCTGAGTGTCCCAGAAGGAGAAAACTTGGTTCTCAACTGCAGTTTCACTGATAGCGCTATTTACAACCTCCAGTGGTTTAGGCAGGACCCTGGGAAAGGTCTCACATCTCTGTTGCTTATTCAGTCAAGTCAGAGAGAGCAAACAAGTGGAAGACTTAATGCCTCGCTGGATAAATCATCAGGACGTAGTACTTTATACATTGCAGCTTCTCAGCCTGGTGACTCAGCCACCTACCTCTGTGCTGTGTCTTACGATGGCCAGAAGCTGCTCTTTGCAAGGGGAACCATGTTAAAGGTGGATCTTA,F,T,TRAV21*01,,TRAJ16*01,,,TGTGCTGTGTCTTACGATGGCCAGAAGCTGCTCTTT,CAVSYDGQKLLF,,,,7538,T,F,271,300,276,283,36|36|36|36|36|36|36|36|36|36|36|36|36|36|36|36|36|36|36|36|36|36|36|36|36|36|36|36|36|36|36|36|36|36|36|36,36,9,16
71,AATGCTGGTGTCACTCAGACCCCAAAATTCCGGGTCCTGAAGACAGGACAGAGCATGACACTGCTGTGTGCCCAGGATATGAACCATGAATACATGTACTGGTATCGACAAGACCCAGGCATGGGGCTGAGGCTGATTCATTACTCAGTTGGTGAGGGTACAACTGCCAAAGGAGAGGTCCCTGATGGCTACAATGTCTCCAGATTAAAAAAACAGAATTTCCTGCTGGGGTTGGAGTCGGCTGCTCCCTCCCAAACATCTGTGTACTTCTGTGCCAGCAGTTATGAGGGGGAAAGATTATGGACGCATAGCAATCAGCCCCAGCATTTTGGTGATGGGACTCGACTCTCCATCCTAG,F,T,TRBV6-3*01,,TRBJ1-5*01,,,TGTGCCAGCAGTTATGAGGGGGAAAGATTATGGACGCATAGCAATCAGCCCCAGCATTTT,CASSYEGERLWTHSNQPQHF,,,,7480,T,F,274,327,284,309,36|36|36|36|36|36|36|36|36|36|36|36|36|36|36|36|36|36|36|36|36|36|36|36|36|36|36|36|36|36|36|36|36|36|36|36|36|36|36|36|36|36|36|36|36|36|36|36|36|36|36|36|36|36|36|36|36|36|36|36,36,14,39
72,GGTGCTGTCGTCTCTCAACATCCGAGCTGGGTTATCTGTAAGAGTGGAACCTCTGTGAAGATCGAGTGCCGTTCCCTGGACTTTCAGGCCACAACTATGTTTTGGTATCGTCAGTTCCCGAAACAGAGTCTCATGCTGATGGCAACTTCCAATGAGGGCTCCAAGGCCACATACGAGCAAGGCGTCGAGAAGGACAAGTTTCTCATCAACCATGCAAGCCTGACCTTGTCCACTCTGACAGTGACCAGTGCCCATCCTGAAGACAGCAGCTTCTACATCTGCAGTGCTTCAGGACCCCGCGTAACTGGGCAGTATTTTGGCCCAGGCACCCGGCTGACAGTGCTCG,F,T,TRBV20-1*01,,TRBJ2-3*01,,,TGCAGTGCTTCAGGACCCCGCGTAACTGGGCAGTATTTT,CSASGPRVTGQYF,,,,7463,T,F,283,315,288,309,36|36|36|36|36|36|36|36|36|36|36|36|36|36|36|36|36|36|36|36|36|36|36|36|36|36|36|36|36|36|36|36|36|36|36|36|36|36|36,36,9,30
73,CGGAAGGAGGTGGAGCAGGATCCTGGACCCTTCAATGTTCCAGAGGGAGCCACTGTCGCTTTCAACTGTACTTACAGCAACAGTGCTTCTCAGTCTTTCTTCTGGTACAGACAGGATTGCAGGAAAGAACCTAAGTTGCTGATGTCCGTATACTCCAGTGGTAATGAAGATGGAAGGTTTACAGCACAGCTCAATAGAGCCAGCCAGTATATTTCCCTGCTCATCAGAGACTCCAAGCTCAGTGATTCAGCCACCTACCTCTGTGTGGTGAGAAACAGCAGTGCTTCCAAGATAATCTTTGGATCAGGGACCAGACTCAGCATCCGGCCAA,F,T,TRAV12-1*01,,TRAJ3*01,,,TGTGTGGTGAGAAACAGCAGTGCTTCCAAGATAATCTTT,CVVRNSSASKIIF,,,,7334,T,F,265,297,271,275,36|36|36|36|36|36|36|36|36|36|36|36|36|36|36|36|36|36|36|36|36|36|36|36|36|36|36|36|36|36|36|36|36|36|36|36|36|36|36,36,10,14
74,GATGCTGATGTTACCCAGACCCCAAGGAATAGGATCACAAAGACAGGAAAGAGGATTATGCTGGAATGTTCTCAGACTAAGGGTCATGATAGAATGTACTGGTATCGACAAGACCCAGGACTGGGCCTACGGTTGATCTATTACTCCTTTGATGTCAAAGATATAAACAAAGGAGAGATCTCTGATGGATACAGTGTCTCTCGACAGGCACAGGCTAAATTCTCCCTGTCCCTAGAGTCTGCCATCCCCAACCAGACAGCTCTTTACTTCTGTGCCACCAGTGATCTCCGGGACTTCACAGATACGCAGTATTTTGGCCCAGGCACCCGGCTGACAGTGCTCG,F,T,TRBV24-1*01,,TRBJ2-3*01,,,TGTGCCACCAGTGATCTCCGGGACTTCACAGATACGCAGTATTTT,CATSDLRDFTDTQYF,,,,7310,T,F,274,312,285,297,36|36|36|36|36|36|36|36|36|36|36|36|36|36|36|36|36|36|36|36|36|36|36|36|36|36|36|36|36|36|36|36|36|36|36|36|36|36|36|36|36|36|36|36|36,36,15,27
75,GATGCTAAGACCACCCAGCCCCCCTCCATGGATTGCGCTGAAGGAAGAGCTGCAAACCTGCCTTGTAATCACTCTACCATCAGTGGAAATGAGTATGTGTATTGGTATCGACAGATTCACTCCCAGGGGCCACAGTATATCATTCATGGTCTAAAAAACAATGAAACCAATGAAATGGCCTCTCTGATCATCACAGAAGACAGAAAGTCCAGCACCTTGATCCTGCCCCACGCTACGCTGAGAGACACTGCTGTGTACTATTGCATCGTCAGAGCCCCCTACAATAACAATGACATGCGCTTTGGAGCAGGGACCAGACTGACAGTAAAACCAA,F,T,TRAV26-1*01,,TRAJ43*01,,,TGCATCGTCAGAGCCCCCTACAATAACAATGACATGCGCTTT,CIVRAPYNNNDMRF,,,,7211,T,F,265,300,274,281,36|36|36|36|36|36|36|36|36|36|36|36|36|36|36|36|36|36|36|36|36|36|36|36|36|36|36|36|36|36|36|36|36|36|36|36|36|36|36|36|36|36,36,13,20
76,GGTGCTGTCGTCTCTCAACATCCGAGCTGGGTTATCTGTAAGAGTGGAACCTCTGTGAAGATCGAGTGCCGTTCCCTGGACTTTCAGGCCACAACTATGTTTTGGTATCGTCAGTTCCCGAAACAGAGTCTCATGCTGATGGCAACTTCCAATGAGGGCTCCAAGGCCACATACGAGCAAGGCGTCGAGAAGGACAAGTTTCTCATCAACCATGCAAGCCTGACCTTGTCCACTCTGACAGTGACCAGTGCCCATCCTGAAGACAGCAGCTTCTACATCTGCAGTGCAACTTGGACAGGGCCAGTTTACGAGCAGTACTTCGGGCCGGGCACCAGGCTCACGGTCACAG,F,T,TRBV20-1*01,,TRBJ2-7*01,,,TGCAGTGCAACTTGGACAGGGCCAGTTTACGAGCAGTACTTC,CSATWTGPVYEQYF,,,,7160,T,F,283,318,287,307,36|36|36|36|36|36|36|36|36|36|36|36|36|36|36|36|36|36|36|36|36|36|36|36|36|36|36|36|36|36|36|36|36|36|36|36|36|36|36|36|36|36,36,8,28
77,GATGTGAAAGTAACCCAGAGCTCGAGATATCTAGTCAAAAGGACGGGAGAGAAAGTTTTTCTGGAATGTGTCCAGGATATGGACCATGAAAATATGTTCTGGTATCGACAAGACCCAGGTCTGGGGCTACGGCTGATCTATTTCTCATATGATGTTAAAATGAAAGAAAAAGGAGATATTCCTGAGGGGTACAGTGTCTCTAGAGAGAAGAAGGAGCGCTTCTCCCTGATTCTGGAGTCCGCCAGCACCAACCAGACATCTATGTACCTCTGTGCCAGCAGTTTCGACAGGGGGTATCGAGAGTACTTCGGGCCGGGCACCAGGCTCACGGTCACAG,F,T,TRBV28*01,,TRBJ2-7*01,,,TGTGCCAGCAGTTTCGACAGGGGGTATCGAGAGTACTTC,CASSFDRGYREYF,,,,7132,T,F,274,306,284,302,36|36|36|36|36|36|36|36|36|36|36|36|36|36|36|36|36|36|36|36|36|36|36|36|36|36|36|36|36|36|36|36|36|36|36|36|36|36|36,36,14,32
78,ACCCAGCTGCTGGAGCAGAGCCCTCAGTTTCTAAGCATCCAAGAGGGAGAAAATCTCACTGTGTACTGCAACTCCTCAAGTGTTTTTTCCAGCTTACAATGGTACAGACAGGAGCCTGGGGAAGGTCCTGTCCTCCTGGTGACAGTAGTTACGGGTGGAGAAGTGAAGAAGCTGAAGAGACTAACCTTTCAGTTTGGTGATGCAAGAAAGGACAGTTCTCTCCACATCACTGCAGCCCAGCCTGGTGATACAGGCCTCTACCTCTGTGCGGGTCGCTCAGGAACCTACAAATACATCTTTGGAACAGGCACCAGGCTGAAGGTTTTAGCAA,F,T,TRAV27*01,,TRAJ40*01,,,TGTGCGGGTCGCTCAGGAACCTACAAATACATCTTT,CAGRSGTYKYIF,,,,7070,T,F,268,297,269,276,36|36|36|36|36|36|36|36|36|36|36|36|36|36|36|36|36|36|36|36|36|36|36|36|36|36|36|36|36|36|36|36|36|36|36|36,36,5,12
79,GCTCAGTCAGTGGCTCAGCCGGAAGATCAGGTCAACGTTGCTGAAGGGAATCCTCTGACTGTGAAATGCACCTATTCAGTCTCTGGAAACCCTTATCTTTTTTGGTATGTTCAATACCCCAACCGAGGCCTCCAGTTCCTTCTGAAATACATCACAGGGGATAACCTGGTTAAAGGCAGCTATGGCTTTGAAGCTGAATTTAACAAGAGCCAAACCTCCTTCCACCTGAAGAAACCATCTGCCCTTGTGAGCGACTCCGCTTTGTACTTCTGTGCTGTGGGTTCCACGGGAGGAGGAAACAAACTCACCTTTGGGACAGGCACTCAGCTAAAAGTGGAACTCA,F,T,TRAV3*01,,TRAJ10*01,,,TGTGCTGTGGGTTCCACGGGAGGAGGAAACAAACTCACCTTT,CAVGSTGGGNKLTF,,,,7059,T,F,274,309,279,285,36|36|36|36|36|36|36|36|36|36|36|36|36|36|36|36|36|36|36|36|36|36|36|36|36|36|36|36|36|36|36|36|36|36|36|36|36|36|36|36|36|36,36,9,15
80,CAGAAGGAGGTGGAGCAGGATCCTGGACCACTCAGTGTTCCAGAGGGAGCCATTGTTTCTCTCAACTGCACTTACAGCAACAGTGCTTTTCAATACTTCATGTGGTACAGACAGTATTCCAGAAAAGGCCCTGAGTTGCTGATGTACACATACTCCAGTGGTAACAAAGAAGATGGAAGGTTTACAGCACAGGTCGATAAATCCAGCAAGTATATCTCCTTGTTCATCAGAGACTCACAGCCCAGTGATTCAGCCACCTACCTCTGTGCAATGAGCCTGGACGGCAACAACCGTAAGCTGATTTGGGGATTGGGAACAAGCCTGGCAGTAAATCCGA,F,T,TRAV12-3*01,,TRAJ38*01,,,TGTGCAATGAGCCTGGACGGCAACAACCGTAAGCTGATTTGG,CAMSLDGNNRKLIW,,,,7043,T,F,268,303,276,283,36|36|36|36|36|36|36|36|36|36|36|36|36|36|36|36|36|36|36|36|36|36|36|36|36|36|36|36|36|36|36|36|36|36|36|36|36|36|36|36|36|36,36,12,19
81,GGTGCTGGAGTCTCCCAGACCCCCAGTAACAAGGTCACAGAGAAGGGAAAATATGTAGAGCTCAGGTGTGATCCAATTTCAGGTCATACTGCCCTTTACTGGTACCGACAAAGCCTGGGGCAGGGCCCAGAGTTTCTAATTTACTTCCAAGGCACGGGTGCGGCAGATGACTCAGGGCTGCCCAACGATCGGTTCTTTGCAGTCAGGCCTGAGGGATCCGTCTCTACTCTGAAGATCCAGCGCACAGAGCGGGGGGACTCAGCCGTGTATCTCTGTGCCAGCGCCCCAGGCGGTAGCGGGTACAATGAGCAGTTCTTCGGGCCAGGGACACGGCTCACCGTGCTAG,F,T,TRBV7-3*01,,TRBJ2-1*01,,,TGTGCCAGCGCCCCAGGCGGTAGCGGGTACAATGAGCAGTTCTTC,CASAPGGSGYNEQFF,,,,6980,T,F,277,315,282,301,36|36|36|36|36|36|36|36|36|36|36|36|36|36|36|36|36|36|36|36|36|36|36|36|36|36|36|36|36|36|36|36|36|36|36|36|36|36|36|36|36|36|36|36|36,36,9,28
82,CGGAAGGAGGTGGAGCAGGATCCTGGACCCTTCAATGTTCCAGAGGGAGCCACTGTCGCTTTCAACTGTACTTACAGCAACAGTGCTTCTCAGTCTTTCTTCTGGTACAGACAGGATTGCAGGAAAGAACCTAAGTTGCTGATGTCCGTATACTCCAGTGGTAATGAAGATGGAAGGTTTACAGCACAGCTCAATAGAGCCAGCCAGTATATTTCCCTGCTCATCAGAGACTCCAAGCTCAGTGATTCAGCCACCTACCTCTGTGGTCATCCCAGCAGTGCTTCCAAGATAATCTTTGGATCAGGGACCAGACTCAGCATCCGGCCAA,F,T,TRAV12-1*01,,TRAJ3*01,,,TGTGGTCATCCCAGCAGTGCTTCCAAGATAATCTTT,CGHPSSASKIIF,,,,6933,T,F,265,294,265,273,36|36|36|36|36|36|36|36|36|36|36|36|36|36|36|36|36|36|36|36|36|36|36|36|36|36|36|36|36|36|36|36|36|36|36|36,36,4,12
83,CAGAAGGAGGTGGAGCAGGATCCTGGACCACTCAGTGTTCCAGAGGGAGCCATTGTTTCTCTCAACTGCACTTACAGCAACAGTGCTTTTCAATACTTCATGTGGTACAGACAGTATTCCAGAAAAGGCCCTGAGTTGCTGATGTACACATACTCCAGTGGTAACAAAGAAGATGGAAGGTTTACAGCACAGGTCGATAAATCCAGCAAGTATATCTCCTTGTTCATCAGAGACTCACAGCCCAGTGATTCAGCCACCTACCTCTGTGCAATGAGCAATACTGGAGGCTTCAAAACTATCTTTGGAGCAGGAACAAGACTATTTGTTAAAGCAA,F,T,TRAV12-3*01,,TRAJ9*01,,,TGTGCAATGAGCAATACTGGAGGCTTCAAAACTATCTTT,CAMSNTGGFKTIF,,,,6916,T,F,268,300,276,277,36|36|36|36|36|36|36|36|36|36|36|36|36|36|36|36|36|36|36|36|36|36|36|36|36|36|36|36|36|36|36|36|36|36|36|36|36|36|36,36,12,13
84,GAAGCCCAAGTGACCCAGAACCCAAGATACCTCATCACAGTGACTGGAAAGAAGTTAACAGTGACTTGTTCTCAGAATATGAACCATGAGTATATGTCCTGGTATCGACAAGACCCAGGGCTGGGCTTAAGGCAGATCTACTATTCAATGAATGTTGAGGTGACTGATAAGGGAGATGTTCCTGAAGGGTACAAAGTCTCTCGAAAAGAGAAGAGGAATTTCCCCCTGATCCTGGAGTCGCCCAGCCCCAACCAGACCTCTCTGTACTTCTGTGCCAGCAGGGGTGACAACCAAGAGACCCAGTACTTCGGGCCAGGCACGCGGCTCCTGGTGCTCG,F,T,TRBV27*01,,TRBJ2-5*01,,,TGTGCCAGCAGGGGTGACAACCAAGAGACCCAGTACTTC,CASRGDNQETQYF,,,,6888,T,F,274,306,281,290,36|36|36|36|36|36|36|36|36|36|36|36|36|36|36|36|36|36|36|36|36|36|36|36|36|36|36|36|36|36|36|36|36|36|36|36|36|36|36,36,11,20
85,GAAGCCCAAGTGACCCAGAACCCAAGATACCTCATCACAGTGACTGGAAAGAAGTTAACAGTGACTTGTTCTCAGAATATGAACCATGAGTATATGTCCTGGTATCGACAAGACCCAGGGCTGGGCTTAAGGCAGATCTACTATTCAATGAATGTTGAGGTGACTGATAAGGGAGATGTTCCTGAAGGGTACAAAGTCTCTCGAAAAGAGAAGAGGAATTTCCCCCTGATCCTGGAGTCGCCCAGCCCCAACCAGACCTCTCTGTACTTCTGTGCCAGCACTCCCATGCGAACAGGGGAACAATCTAATGAGCAGTTCTTCGGGCCAGGGACACGGCTCACCGTGCTAG,F,T,TRBV27*01,,TRBJ2-1*01,,,TGTGCCAGCACTCCCATGCGAACAGGGGAACAATCTAATGAGCAGTTCTTC,CASTPMRTGEQSNEQFF,,,,6859,T,F,274,318,280,307,36|36|36|36|36|36|36|36|36|36|36|36|36|36|36|36|36|36|36|36|36|36|36|36|36|36|36|36|36|36|36|36|36|36|36|36|36|36|36|36|36|36|36|36|36|36|36|36|36|36|36,36,10,37
86,ATTGCTGGGATCACCCAGGCACCAACATCTCAGATCCTGGCAGCAGGACGGCGCATGACACTGAGATGTACCCAGGATATGAGACATAATGCCATGTACTGGTATAGACAAGATCTAGGACTGGGGCTAAGGCTCATCCATTATTCAAATACTGCAGGTACCACTGGCAAAGGAGAAGTCCCTGATGGTTATAGTGTCTCCAGAGCAAACACAGATGATTTCCCCCTCACGTTGGCGTCTGCTGTACCCTCTCAGACATCTGTGTACTTCTGTGCCAGCAGTGAGAACAGGGTAAATGAGCAGTTCTTCGGGCCAGGGACACGGCTCACCGTGCTAG,F,T,TRBV6-4*01,,TRBJ2-1*01,,,TGTGCCAGCAGTGAGAACAGGGTAAATGAGCAGTTCTTC,CASSENRVNEQFF,,,,6770,T,F,274,306,284,295,36|36|36|36|36|36|36|36|36|36|36|36|36|36|36|36|36|36|36|36|36|36|36|36|36|36|36|36|36|36|36|36|36|36|36|36|36|36|36,36,14,25
87,CAGAAGGAGGTGGAGCAGAATTCTGGACCCCTCAGTGTTCCAGAGGGAGCCATTGCCTCTCTCAACTGCACTTACAGTGACCGAGGTTCCCAGTCCTTCTTCTGGTACAGACAATATTCTGGGAAAAGCCCTGAGTTGATAATGTTCATATACTCCAATGGTGACAAAGAAGATGGAAGGTTTACAGCACAGCTCAATAAAGCCAGCCAGTATGTTTCTCTGCTCATCAGAGACTCCCAGCCCAGTGATTCAGCCACCTACCTCTGTCGTCCTGGGAGCAGGAGAGCACTTACTTTTGGGAGTGGAACAAGACTCCAAGTGCAACCAA,F,T,TRAV12-2*01,,TRAJ5*01,,,TGTCGTCCTGGGAGCAGGAGAGCACTTACTTTT,CRPGSRRALTF,,,,6728,T,F,268,294,267,278,36|36|36|36|36|36|36|36|36|36|36|36|36|36|36|36|36|36|36|36|36|36|36|36|36|36|36|36|36|36|36|36|36,36,3,14
88,AAACAGGAGGTGACGCAGATTCCTGCAGCTCTGAGTGTCCCAGAAGGAGAAAACTTGGTTCTCAACTGCAGTTTCACTGATAGCGCTATTTACAACCTCCAGTGGTTTAGGCAGGACCCTGGGAAAGGTCTCACATCTCTGTTGCTTATTCAGTCAAGTCAGAGAGAGCAAACAAGTGGAAGACTTAATGCCTCGCTGGATAAATCATCAGGACGTAGTACTTTATACATTGCAGCTTCTCAGCCTGGTGACTCAGCCACCTACCTCTGTGCTGTTTGTGCTGGTGGTACTAGCTATGGAAAGCTGACATTTGGACAAGGGACCATCTTGACTGTCCATCCAA,F,T,TRAV21*01,,TRAJ52*01,,,TGTGCTGTTTGTGCTGGTGGTACTAGCTATGGAAAGCTGACATTT,CAVCAGGTSYGKLTF,,,,6697,T,F,271,309,275,279,36|36|36|36|36|36|36|36|36|36|36|36|36|36|36|36|36|36|36|36|36|36|36|36|36|36|36|36|36|36|36|36|36|36|36|36|36|36|36|36|36|36|36|36|36,36,8,12
89,GAAGCCCAAGTGACCCAGAACCCAAGATACCTCATCACAGTGACTGGAAAGAAGTTAACAGTGACTTGTTCTCAGAATATGAACCATGAGTATATGTCCTGGTATCGACAAGACCCAGGGCTGGGCTTAAGGCAGATCTACTATTCAATGAATGTTGAGGTGACTGATAAGGGAGATGTTCCTGAAGGGTACAAAGTCTCTCGAAAAGAGAAGAGGAATTTCCCCCTGATCCTGGAGTCGCCCAGCCCCAACCAGACCTCTCTGTACTTCTGTGCCAGCAGTTACCGGGGGCAGGGAGTGCACGAGCAGTACTTCGGGCCGGGCACCAGGCTCACGGTCACAG,F,T,TRBV27*01,,TRBJ2-7*01,,,TGTGCCAGCAGTTACCGGGGGCAGGGAGTGCACGAGCAGTACTTC,CASSYRGQGVHEQYF,,,,6646,T,F,274,312,283,302,36|36|36|36|36|36|36|36|36|36|36|36|36|36|36|36|36|36|36|36|36|36|36|36|36|36|36|36|36|36|36|36|36|36|36|36|36|36|36|36|36|36|36|36|36,36,13,32
90,ACCCAGCTGCTGGAGCAGAGCCCTCAGTTTCTAAGCATCCAAGAGGGAGAAAATCTCACTGTGTACTGCAACTCCTCAAGTGTTTTTTCCAGCTTACAATGGTACAGACAGGAGCCTGGGGAAGGTCCTGTCCTCCTGGTGACAGTAGTTACGGGTGGAGAAGTGAAGAAGCTGAAGAGACTAACCTTTCAGTTTGGTGATGCAAGAAAGGACAGTTCTCTCCACATCACTGCAGCCCAGCCTGGTGATACAGGCCTCTACCTCTGTGCAGGAGCTCACGGTGGTGCTACAAACAAGCTCATCTTTGGAACTGGCACTCTGCTTGCTGTCCAGCCAA,F,T,TRAV27*01,,TRAJ32*01,,,TGTGCAGGAGCTCACGGTGGTGCTACAAACAAGCTCATCTTT,CAGAHGGATNKLIF,,,,6597,T,F,268,303,274,283,36|36|36|36|36|36|36|36|36|36|36|36|36|36|36|36|36|36|36|36|36|36|36|36|36|36|36|36|36|36|36|36|36|36|36|36|36|36|36|36|36|36,36,10,19
91,GAAACGGGAGTTACGCAGACACCAAGACACCTGGTCATGGGAATGACAAATAAGAAGTCTTTGAAATGTGAACAACATCTGGGTCATAACGCTATGTATTGGTACAAGCAAAGTGCTAAGAAGCCACTGGAGCTCATGTTTGTCTACAGTCTTGAAGAACGGGTTGAAAACAACAGTGTGCCAAGTCGCTTCTCACCTGAATGCCCCAACAGCTCTCACTTATTCCTTCACCTACACACCCTGCAGCCAGAAGACTCGGCCCTGTATCTCTGCGCCAGCAGCCACTACATCGGGATGGGCTTCGCCTCTGGGGCCAACGTCCTGACTTTCGGGGCCGGCAGCAGGCTGACCGTGCTGG,F,T,TRBV4-3*01,,TRBJ2-6*01,,,TGCGCCAGCAGCCACTACATCGGGATGGGCTTCGCCTCTGGGGCCAACGTCCTGACTTTC,CASSHYIGMGFASGANVLTF,,,,6551,T,F,274,327,284,306,36|36|36|36|36|36|36|36|36|36|36|36|36|36|36|36|36|36|36|36|36|36|36|36|36|36|36|36|36|36|36|36|36|36|36|36|36|36|36|36|36|36|36|36|36|36|36|36|36|36|36|36|36|36|36|36|36|36|36|36,36,14,36
92,CAGAAGGAGGTGGAGCAGGATCCTGGACCACTCAGTGTTCCAGAGGGAGCCATTGTTTCTCTCAACTGCACTTACAGCAACAGTGCTTTTCAATACTTCATGTGGTACAGACAGTATTCCAGAAAAGGCCCTGAGTTGCTGATGTACACATACTCCAGTGGTAACAAAGAAGATGGAAGGTTTACAGCACAGGTCGATAAATCCAGCAAGTATATCTCCTTGTTCATCAGAGACTCACAGCCCAGTGATTCAGCCACCTACCTCTGTGCAATGAGGGGGGGATACAACTTCAACAAATTTTACTTTGGATCTGGGACCAAACTCAATGTAAAACCAA,F,T,TRAV12-3*01,,TRAJ21*01,,,TGTGCAATGAGGGGGGGATACAACTTCAACAAATTTTACTTT,CAMRGGYNFNKFYF,,,,6538,T,F,268,303,275,283,36|36|36|36|36|36|36|36|36|36|36|36|36|36|36|36|36|36|36|36|36|36|36|36|36|36|36|36|36|36|36|36|36|36|36|36|36|36|36|36|36|36,36,11,19
93,AGCCAAAAGATAGAACAGAATTCCGAGGCCCTGAACATTCAGGAGGGTAAAACGGCCACCCTGACCTGCAACTATACAAACTATTCCCCAGCATACTTACAGTGGTACCGACAAGATCCAGGAAGAGGCCCTGTTTTCTTGCTACTCATACGTGAAAATGAGAAAGAAAAAAGGAAAGAAAGACTGAAGGTCACCTTTGATACCACCCTTAAACAGAGTTTGTTTCATATCACAGCCTCCCAGCCTGCAGACTCAGCTACCTACCTCTGTGCTCTCCCTACCTCAGGAACCTACAAATACATCTTTGGAACAGGCACCAGGCTGAAGGTTTTAGCAA,F,T,TRAV6*01,,TRAJ40*01,,,TGTGCTCTCCCTACCTCAGGAACCTACAAATACATCTTT,CALPTSGTYKYIF,,,,6481,T,F,271,303,275,278,36|36|36|36|36|36|36|36|36|36|36|36|36|36|36|36|36|36|36|36|36|36|36|36|36|36|36|36|36|36|36|36|36|36|36|36|36|36|36,36,8,11
94,AAACAGGAGGTGACGCAGATTCCTGCAGCTCTGAGTGTCCCAGAAGGAGAAAACTTGGTTCTCAACTGCAGTTTCACTGATAGCGCTATTTACAACCTCCAGTGGTTTAGGCAGGACCCTGGGAAAGGTCTCACATCTCTGTTGCTTATTCAGTCAAGTCAGAGAGAGCAAACAAGTGGAAGACTTAATGCCTCGCTGGATAAATCATCAGGACGTAGTACTTTATACATTGCAGCTTCTCAGCCTGGTGACTCAGCCACCTACCTCTGTGCTGTGAAGCCGGTGGAGGAAGCTGGTGGTACTAGCTATGGAAAGCTGACATTTGGACAAGGGACCATCTTGACTGTCCATCCAA,F,T,TRAV21*01,,TRAJ52*01,,,TGTGCTGTGAAGCCGGTGGAGGAAGCTGGTGGTACTAGCTATGGAAAGCTGACATTT,CAVKPVEEAGGTSYGKLTF,,,,6376,T,F,271,321,277,292,36|36|36|36|36|36|36|36|36|36|36|36|36|36|36|36|36|36|36|36|36|36|36|36|36|36|36|36|36|36|36|36|36|36|36|36|36|36|36|36|36|36|36|36|36|36|36|36|36|36|36|36|36|36|36|36|36,36,10,25
95,GGAGAGAATGTGGAGCAGCATCCTTCAACCCTGAGTGTCCAGGAGGGAGACAGCGCTGTTATCAAGTGTACTTATTCAGACAGTGCCTCAAACTACTTCCCTTGGTATAAGCAAGAACTTGGAAAAGGACCTCAGCTTATTATAGACATTCGTTCAAATGTGGGCGAAAAGAAAGACCAACGAATTGCTGTTACATTGAACAAGACAGCCAAACATTTCTCCCTGCACATCACAGAGACCCAACCTGAAGACTCGGCTGTCTACTTCTGTGCAGCCCCGGGGGGGGACTACAAGCTCAGCTTTGGAGCCGGAACCACAGTAACTGTAAGAGCAA,F,T,TRAV13-1*01,,TRAJ20*01,,,TGTGCAGCCCCGGGGGGGGACTACAAGCTCAGCTTT,CAAPGGDYKLSF,,,,6283,T,F,271,300,275,286,36|36|36|36|36|36|36|36|36|36|36|36|36|36|36|36|36|36|36|36|36|36|36|36|36|36|36|36|36|36|36|36|36|36|36|36,36,8,19
96,GATACTGGAGTCTCCCAGAACCCCAGACACAAGATCACAAAGAGGGGACAGAATGTAACTTTCAGGTGTGATCCAATTTCTGAACACAACCGCCTTTATTGGTACCGACAGACCCTGGGGCAGGGCCCAGAGTTTCTGACTTACTTCCAGAATGAAGCTCAACTAGAAAAATCAAGGCTGCTCAGTGATCGGTTCTCTGCAGAGAGGCCTAAGGGATCTTTCTCCACCTTGGAGATCCAGCGCACAGAGCAGGGGGACTCGGCCATGTATCTCTGTGCCAGCAGCCCATACCCGGGCGAACAAGAGACCCAGTACTTCGGGCCAGGCACGCGGCTCCTGGTGCTCG,F,T,TRBV7-9*01,,TRBJ2-5*01,,,TGTGCCAGCAGCCCATACCCGGGCGAACAAGAGACCCAGTACTTC,CASSPYPGEQETQYF,,,,6222,T,F,277,315,285,301,36|36|36|36|36|36|36|36|36|36|36|36|36|36|36|36|36|36|36|36|36|36|36|36|36|36|36|36|36|36|36|36|36|36|36|36|36|36|36|36|36|36|36|36|36,36,12,28
97,AAGGACCAAGTGTTTCAGCCTTCCACAGTGGCATCTTCAGAGGGAGCTGTGGTGGAAATCTTCTGTAATCACTCTGTGTCCAATGCTTACAACTTCTTCTGGTACCTTCACTTCCCGGGATGTGCACCAAGACTCCTTGTTAAAGGCTCAAAGCCTTCTCAGCAGGGACGATACAACATGACCTATGAACGGTTCTCTTCATCGCTGCTCATCCTCCAGGTGCGGGAGGCAGATGCTGCTGTTTACTACTGTGCTGTGGAGGGACTCACGGGAGGAGGAAACAAACTCACCTTTGGGACAGGCACTCAGCTAAAAGTGGAACTCA,F,T,TRAV2*01,,TRAJ10*01,,,TGTGCTGTGGAGGGACTCACGGGAGGAGGAAACAAACTCACCTTT,CAVEGLTGGGNKLTF,,,,6217,T,F,253,291,262,264,36|36|36|36|36|36|36|36|36|36|36|36|36|36|36|36|36|36|36|36|36|36|36|36|36|36|36|36|36|36|36|36|36|36|36|36|36|36|36|36|36|36|36|36|36,36,13,15
98,GGTGCTGTCGTCTCTCAACATCCGAGCTGGGTTATCTGTAAGAGTGGAACCTCTGTGAAGATCGAGTGCCGTTCCCTGGACTTTCAGGCCACAACTATGTTTTGGTATCGTCAGTTCCCGAAACAGAGTCTCATGCTGATGGCAACTTCCAATGAGGGCTCCAAGGCCACATACGAGCAAGGCGTCGAGAAGGACAAGTTTCTCATCAACCATGCAAGCCTGACCTTGTCCACTCTGACAGTGACCAGTGCCCATCCTGAAGACAGCAGCTTCTACATCTGCAGTGCTAGAGATAAGCGGGGAGGGGAGACCCAGTACTTCGGGCCAGGCACGCGGCTCCTGGTGCTCG,F,T,TRBV20-1*01,,TRBJ2-5*01,,,TGCAGTGCTAGAGATAAGCGGGGAGGGGAGACCCAGTACTTC,CSARDKRGGETQYF,,,,6121,T,F,283,318,293,307,36|36|36|36|36|36|36|36|36|36|36|36|36|36|36|36|36|36|36|36|36|36|36|36|36|36|36|36|36|36|36|36|36|36|36|36|36|36|36|36|36|36,36,14,28
99,AAGGACCAAGTGTTTCAGCCTTCCACAGTGGCATCTTCAGAGGGAGCTGTGGTGGAAATCTTCTGTAATCACTCTGTGTCCAATGCTTACAACTTCTTCTGGTACCTTCACTTCCCGGGATGTGCACCAAGACTCCTTGTTAAAGGCTCAAAGCCTTCTCAGCAGGGACGATACAACATGACCTATGAACGGTTCTCTTCATCGCTGCTCATCCTCCAGGTGCGGGAGGCAGATGCTGCTGTTTACTACTGTGCTGCTAACGACAATGCCAGACTCATGTTTGGAGATGGAACTCAGCTGGTGGTGAAGCCCA,F,T,TRAV2*01,,TRAJ31*01,,,TGTGCTGCTAACGACAATGCCAGACTCATGTTT,CAANDNARLMF,,,,6077,T,F,253,279,256,263,36|36|36|36|36|36|36|36|36|36|36|36|36|36|36|36|36|36|36|36|36|36|36|36|36|36|36|36|36|36|36|36|36,36,7,14
100,GGAAATTCAGTGACCCAGATGGAAGGGCCAGTGACTCTCTCAGAAGAGGCCTTCCTGACTATAAACTGCACGTACACAGCCACAGGATACCCTTCCCTTTTCTGGTATGTCCAATATCCTGGAGAAGGTCTACAGCTCCTCCTGAAAGCCACGAAGGCTGATGACAAGGGAAGCAACAAAGGTTTTGAAGCCACATACCGTAAAGAAACCACTTCTTTCCACTTGGAGAAAGGCTCAGTTCAAGTGTCAGACTCAGCGGTGTACTTCTGTGCTCTGAGTAGGGGCAATGCCAGACTCATGTTTGGAGATGGAACTCAGCTGGTGGTGAAGCCCA,F,T,TRAV9-2*01,,TRAJ31*01,,,TGTGCTCTGAGTAGGGGCAATGCCAGACTCATGTTT,CALSRGNARLMF,,,,5997,T,F,271,300,279,285,36|36|36|36|36|36|36|36|36|36|36|36|36|36|36|36|36|36|36|36|36|36|36|36|36|36|36|36|36|36|36|36|36|36|36|36,36,12,18
